"Status","Start Time","Stop Time","Duration in ms","Parent Suite","Suite","Sub Suite","Test Class","Test Method","Name","Description"
"failed","Mon Sep 26 18:37:45 MSK 2022","Mon Sep 26 18:37:53 MSK 2022","7850","","test_page","","","","test_register[chromium-Ничего не поставлено-Галочка поставленна в поле соглашения-Введен телефон правильного формата-Правильно введенный email-Выбран пункт меню-Правильное имя компании ""ООО ""Макс""""-Незаполненное поле]",""
"failed","Mon Sep 26 18:50:28 MSK 2022","Mon Sep 26 18:50:36 MSK 2022","7786","","test_page","","","","test_register[chromium-Ничего не поставлено-Ничего не поставлено-Введен набор цифр ""123""-Правильно введенный email-Выбран пункт меню-Правильное имя компании ""ООО ""Макс""""-Правильное имя ""Макс""]",""
"failed","Mon Sep 26 18:41:47 MSK 2022","Mon Sep 26 18:41:55 MSK 2022","7738","","test_page","","","","test_register[chromium-Ничего не поставлено-Галочка поставленна в поле соглашения-Введен набор цифр ""123""-Правильно введенный email-Не выбран ни один пункт меню-Незаполненное поле-Незаполненное поле]",""
"failed","Mon Sep 26 18:33:35 MSK 2022","Mon Sep 26 18:33:43 MSK 2022","7809","","test_page","","","","test_register[chromium-Галочка поставленна в поле рассылки-Ничего не поставлено-Введен набор цифр ""123""-Ничего не введено-Выбран пункт меню-Незаполненное поле-Правильное имя ""Макс""]",""
"failed","Mon Sep 26 18:44:13 MSK 2022","Mon Sep 26 18:44:20 MSK 2022","7783","","test_page","","","","test_register[chromium-Ничего не поставлено-Галочка поставленна в поле соглашения-Ничего не введено-Правильно введенный email-Выбран пункт меню-Правильное имя компании ""ООО ""Макс""""-Незаполненное поле]",""
"failed","Mon Sep 26 18:24:30 MSK 2022","Mon Sep 26 18:24:38 MSK 2022","7720","","test_page","","","","test_register[chromium-Галочка поставленна в поле рассылки-Галочка поставленна в поле соглашения-Введен набор цифр ""123""-Ничего не введено-Не выбран ни один пункт меню-Незаполненное поле-Правильное имя ""Макс""]",""
"failed","Mon Sep 26 18:26:07 MSK 2022","Mon Sep 26 18:26:15 MSK 2022","7795","","test_page","","","","test_register[chromium-Галочка поставленна в поле рассылки-Галочка поставленна в поле соглашения-Ничего не введено-Введено ""maks@""-Выбран пункт меню-Незаполненное поле-Правильное имя ""Макс""]",""
"failed","Mon Sep 26 18:55:25 MSK 2022","Mon Sep 26 18:55:33 MSK 2022","7655","","test_page","","","","test_register[chromium-Ничего не поставлено-Ничего не поставлено-Ничего не введено-Введено ""maks@""-Не выбран ни один пункт меню-Правильное имя компании ""ООО ""Макс""""-Незаполненное поле]",""
"failed","Mon Sep 26 18:50:45 MSK 2022","Mon Sep 26 18:50:53 MSK 2022","7993","","test_page","","","","test_register[chromium-Ничего не поставлено-Ничего не поставлено-Введен набор цифр ""123""-Правильно введенный email-Выбран пункт меню-Незаполненное поле-Правильное имя ""Макс""]",""
"failed","Mon Sep 26 18:25:35 MSK 2022","Mon Sep 26 18:25:42 MSK 2022","7765","","test_page","","","","test_register[chromium-Галочка поставленна в поле рассылки-Галочка поставленна в поле соглашения-Ничего не введено-Правильно введенный email-Не выбран ни один пункт меню-Незаполненное поле-Правильное имя ""Макс""]",""
"failed","Mon Sep 26 18:33:11 MSK 2022","Mon Sep 26 18:33:18 MSK 2022","7784","","test_page","","","","test_register[chromium-Галочка поставленна в поле рассылки-Ничего не поставлено-Введен набор цифр ""123""-Введено ""maks@""-Не выбран ни один пункт меню-Незаполненное поле-Незаполненное поле]",""
"failed","Mon Sep 26 18:43:00 MSK 2022","Mon Sep 26 18:43:08 MSK 2022","7829","","test_page","","","","test_register[chromium-Ничего не поставлено-Галочка поставленна в поле соглашения-Введен набор цифр ""123""-Ничего не введено-Выбран пункт меню-Правильное имя компании ""ООО ""Макс""""-Правильное имя ""Макс""]",""
"failed","Mon Sep 26 18:45:01 MSK 2022","Mon Sep 26 18:45:08 MSK 2022","7681","","test_page","","","","test_register[chromium-Ничего не поставлено-Галочка поставленна в поле соглашения-Ничего не введено-Правильно введенный email-Не выбран ни один пункт меню-Незаполненное поле-Незаполненное поле]",""
"failed","Mon Sep 26 18:47:49 MSK 2022","Mon Sep 26 18:47:57 MSK 2022","7789","","test_page","","","","test_register[chromium-Ничего не поставлено-Ничего не поставлено-Введен телефон правильного формата-Правильно введенный email-Не выбран ни один пункт меню-Правильное имя компании ""ООО ""Макс""""-Правильное имя ""Макс""]",""
"failed","Mon Sep 26 18:41:31 MSK 2022","Mon Sep 26 18:41:39 MSK 2022","7720","","test_page","","","","test_register[chromium-Ничего не поставлено-Галочка поставленна в поле соглашения-Введен набор цифр ""123""-Правильно введенный email-Не выбран ни один пункт меню-Правильное имя компании ""ООО ""Макс""""-Незаполненное поле]",""
"failed","Mon Sep 26 18:51:17 MSK 2022","Mon Sep 26 18:51:25 MSK 2022","7694","","test_page","","","","test_register[chromium-Ничего не поставлено-Ничего не поставлено-Введен набор цифр ""123""-Правильно введенный email-Не выбран ни один пункт меню-Незаполненное поле-Правильное имя ""Макс""]",""
"failed","Mon Sep 26 18:26:23 MSK 2022","Mon Sep 26 18:26:31 MSK 2022","8086","","test_page","","","","test_register[chromium-Галочка поставленна в поле рассылки-Галочка поставленна в поле соглашения-Ничего не введено-Введено ""maks@""-Не выбран ни один пункт меню-Правильное имя компании ""ООО ""Макс""""-Правильное имя ""Макс""]",""
"failed","Mon Sep 26 18:30:12 MSK 2022","Mon Sep 26 18:30:20 MSK 2022","7728","","test_page","","","","test_register[chromium-Галочка поставленна в поле рассылки-Ничего не поставлено-Введен телефон правильного формата-Ничего не введено-Выбран пункт меню-Правильное имя компании ""ООО ""Макс""""-Незаполненное поле]",""
"failed","Mon Sep 26 18:55:57 MSK 2022","Mon Sep 26 18:56:05 MSK 2022","7677","","test_page","","","","test_register[chromium-Ничего не поставлено-Ничего не поставлено-Ничего не введено-Ничего не введено-Выбран пункт меню-Правильное имя компании ""ООО ""Макс""""-Незаполненное поле]",""
"failed","Mon Sep 26 18:21:56 MSK 2022","Mon Sep 26 18:22:03 MSK 2022","7773","","test_page","","","","test_register[chromium-Галочка поставленна в поле рассылки-Галочка поставленна в поле соглашения-Введен набор цифр ""123""-Правильно введенный email-Выбран пункт меню-Незаполненное поле-Незаполненное поле]",""
"failed","Mon Sep 26 18:54:05 MSK 2022","Mon Sep 26 18:54:13 MSK 2022","7637","","test_page","","","","test_register[chromium-Ничего не поставлено-Ничего не поставлено-Ничего не введено-Правильно введенный email-Выбран пункт меню-Незаполненное поле-Незаполненное поле]",""
"failed","Mon Sep 26 18:50:13 MSK 2022","Mon Sep 26 18:50:20 MSK 2022","7620","","test_page","","","","test_register[chromium-Ничего не поставлено-Ничего не поставлено-Введен телефон правильного формата-Ничего не введено-Не выбран ни один пункт меню-Незаполненное поле-Правильное имя ""Макс""]",""
"failed","Mon Sep 26 18:49:57 MSK 2022","Mon Sep 26 18:50:04 MSK 2022","7677","","test_page","","","","test_register[chromium-Ничего не поставлено-Ничего не поставлено-Введен телефон правильного формата-Ничего не введено-Не выбран ни один пункт меню-Правильное имя компании ""ООО ""Макс""""-Правильное имя ""Макс""]",""
"failed","Mon Sep 26 18:50:20 MSK 2022","Mon Sep 26 18:50:28 MSK 2022","7657","","test_page","","","","test_register[chromium-Ничего не поставлено-Ничего не поставлено-Введен телефон правильного формата-Ничего не введено-Не выбран ни один пункт меню-Незаполненное поле-Незаполненное поле]",""
"failed","Mon Sep 26 18:55:09 MSK 2022","Mon Sep 26 18:55:17 MSK 2022","7802","","test_page","","","","test_register[chromium-Ничего не поставлено-Ничего не поставлено-Ничего не введено-Введено ""maks@""-Выбран пункт меню-Незаполненное поле-Незаполненное поле]",""
"failed","Mon Sep 26 18:28:52 MSK 2022","Mon Sep 26 18:29:00 MSK 2022","7676","","test_page","","","","test_register[chromium-Галочка поставленна в поле рассылки-Ничего не поставлено-Введен телефон правильного формата-Правильно введенный email-Не выбран ни один пункт меню-Незаполненное поле-Незаполненное поле]",""
"failed","Mon Sep 26 18:54:21 MSK 2022","Mon Sep 26 18:54:29 MSK 2022","7657","","test_page","","","","test_register[chromium-Ничего не поставлено-Ничего не поставлено-Ничего не введено-Правильно введенный email-Не выбран ни один пункт меню-Правильное имя компании ""ООО ""Макс""""-Незаполненное поле]",""
"failed","Mon Sep 26 18:23:17 MSK 2022","Mon Sep 26 18:23:25 MSK 2022","7776","","test_page","","","","test_register[chromium-Галочка поставленна в поле рассылки-Галочка поставленна в поле соглашения-Введен набор цифр ""123""-Введено ""maks@""-Не выбран ни один пункт меню-Правильное имя компании ""ООО ""Макс""""-Незаполненное поле]",""
"failed","Mon Sep 26 18:23:50 MSK 2022","Mon Sep 26 18:23:58 MSK 2022","7816","","test_page","","","","test_register[chromium-Галочка поставленна в поле рассылки-Галочка поставленна в поле соглашения-Введен набор цифр ""123""-Ничего не введено-Выбран пункт меню-Правильное имя компании ""ООО ""Макс""""-Незаполненное поле]",""
"failed","Mon Sep 26 18:43:56 MSK 2022","Mon Sep 26 18:44:04 MSK 2022","7807","","test_page","","","","test_register[chromium-Ничего не поставлено-Галочка поставленна в поле соглашения-Введен набор цифр ""123""-Ничего не введено-Не выбран ни один пункт меню-Незаполненное поле-Незаполненное поле]",""
"failed","Mon Sep 26 18:29:32 MSK 2022","Mon Sep 26 18:29:40 MSK 2022","7737","","test_page","","","","test_register[chromium-Галочка поставленна в поле рассылки-Ничего не поставлено-Введен телефон правильного формата-Введено ""maks@""-Не выбран ни один пункт меню-Правильное имя компании ""ООО ""Макс""""-Правильное имя ""Макс""]",""
"failed","Mon Sep 26 18:28:16 MSK 2022","Mon Sep 26 18:28:23 MSK 2022","7793","","test_page","","","","test_register[chromium-Галочка поставленна в поле рассылки-Ничего не поставлено-Введен телефон правильного формата-Правильно введенный email-Выбран пункт меню-Незаполненное поле-Правильное имя ""Макс""]",""
"failed","Mon Sep 26 18:27:43 MSK 2022","Mon Sep 26 18:27:51 MSK 2022","7725","","test_page","","","","test_register[chromium-Галочка поставленна в поле рассылки-Галочка поставленна в поле соглашения-Ничего не введено-Ничего не введено-Не выбран ни один пункт меню-Незаполненное поле-Правильное имя ""Макс""]",""
"failed","Mon Sep 26 18:49:17 MSK 2022","Mon Sep 26 18:49:25 MSK 2022","7601","","test_page","","","","test_register[chromium-Ничего не поставлено-Ничего не поставлено-Введен телефон правильного формата-Введено ""maks@""-Не выбран ни один пункт меню-Незаполненное поле-Незаполненное поле]",""
"failed","Mon Sep 26 18:22:20 MSK 2022","Mon Sep 26 18:22:28 MSK 2022","7773","","test_page","","","","test_register[chromium-Галочка поставленна в поле рассылки-Галочка поставленна в поле соглашения-Введен набор цифр ""123""-Правильно введенный email-Не выбран ни один пункт меню-Незаполненное поле-Правильное имя ""Макс""]",""
"failed","Mon Sep 26 18:45:33 MSK 2022","Mon Sep 26 18:45:41 MSK 2022","7819","","test_page","","","","test_register[chromium-Ничего не поставлено-Галочка поставленна в поле соглашения-Ничего не введено-Введено ""maks@""-Выбран пункт меню-Незаполненное поле-Незаполненное поле]",""
"failed","Mon Sep 26 18:36:33 MSK 2022","Mon Sep 26 18:36:40 MSK 2022","7802","","test_page","","","","test_register[chromium-Галочка поставленна в поле рассылки-Ничего не поставлено-Ничего не введено-Ничего не введено-Выбран пункт меню-Правильное имя компании ""ООО ""Макс""""-Правильное имя ""Макс""]",""
"failed","Mon Sep 26 18:39:47 MSK 2022","Mon Sep 26 18:39:54 MSK 2022","7774","","test_page","","","","test_register[chromium-Ничего не поставлено-Галочка поставленна в поле соглашения-Введен телефон правильного формата-Ничего не введено-Выбран пункт меню-Правильное имя компании ""ООО ""Макс""""-Правильное имя ""Макс""]",""
"failed","Mon Sep 26 18:46:37 MSK 2022","Mon Sep 26 18:46:45 MSK 2022","7709","","test_page","","","","test_register[chromium-Ничего не поставлено-Галочка поставленна в поле соглашения-Ничего не введено-Ничего не введено-Выбран пункт меню-Незаполненное поле-Незаполненное поле]",""
"failed","Mon Sep 26 18:38:26 MSK 2022","Mon Sep 26 18:38:33 MSK 2022","7717","","test_page","","","","test_register[chromium-Ничего не поставлено-Галочка поставленна в поле соглашения-Введен телефон правильного формата-Правильно введенный email-Не выбран ни один пункт меню-Незаполненное поле-Правильное имя ""Макс""]",""
"failed","Mon Sep 26 18:42:11 MSK 2022","Mon Sep 26 18:42:19 MSK 2022","7799","","test_page","","","","test_register[chromium-Ничего не поставлено-Галочка поставленна в поле соглашения-Введен набор цифр ""123""-Введено ""maks@""-Выбран пункт меню-Незаполненное поле-Правильное имя ""Макс""]",""
"failed","Mon Sep 26 18:45:25 MSK 2022","Mon Sep 26 18:45:32 MSK 2022","7747","","test_page","","","","test_register[chromium-Ничего не поставлено-Галочка поставленна в поле соглашения-Ничего не введено-Введено ""maks@""-Выбран пункт меню-Незаполненное поле-Правильное имя ""Макс""]",""
"failed","Mon Sep 26 18:49:49 MSK 2022","Mon Sep 26 18:49:56 MSK 2022","7647","","test_page","","","","test_register[chromium-Ничего не поставлено-Ничего не поставлено-Введен телефон правильного формата-Ничего не введено-Выбран пункт меню-Незаполненное поле-Незаполненное поле]",""
"passed","Mon Sep 26 18:18:24 MSK 2022","Mon Sep 26 18:18:29 MSK 2022","4559","","test_page","","","","test_register[chromium-Галочка поставленна в поле рассылки-Галочка поставленна в поле соглашения-Введен телефон правильного формата-Правильно введенный email-Выбран пункт меню-Правильное имя компании ""ООО ""Макс""""-Правильное имя ""Макс""]",""
"failed","Mon Sep 26 18:37:53 MSK 2022","Mon Sep 26 18:38:01 MSK 2022","7823","","test_page","","","","test_register[chromium-Ничего не поставлено-Галочка поставленна в поле соглашения-Введен телефон правильного формата-Правильно введенный email-Выбран пункт меню-Незаполненное поле-Правильное имя ""Макс""]",""
"failed","Mon Sep 26 18:55:33 MSK 2022","Mon Sep 26 18:55:41 MSK 2022","7680","","test_page","","","","test_register[chromium-Ничего не поставлено-Ничего не поставлено-Ничего не введено-Введено ""maks@""-Не выбран ни один пункт меню-Незаполненное поле-Правильное имя ""Макс""]",""
"failed","Mon Sep 26 18:22:53 MSK 2022","Mon Sep 26 18:23:01 MSK 2022","8038","","test_page","","","","test_register[chromium-Галочка поставленна в поле рассылки-Галочка поставленна в поле соглашения-Введен набор цифр ""123""-Введено ""maks@""-Выбран пункт меню-Незаполненное поле-Правильное имя ""Макс""]",""
"failed","Mon Sep 26 18:34:15 MSK 2022","Mon Sep 26 18:34:23 MSK 2022","7811","","test_page","","","","test_register[chromium-Галочка поставленна в поле рассылки-Ничего не поставлено-Введен набор цифр ""123""-Ничего не введено-Не выбран ни один пункт меню-Незаполненное поле-Незаполненное поле]",""
"failed","Mon Sep 26 18:52:14 MSK 2022","Mon Sep 26 18:52:22 MSK 2022","7727","","test_page","","","","test_register[chromium-Ничего не поставлено-Ничего не поставлено-Введен набор цифр ""123""-Введено ""maks@""-Не выбран ни один пункт меню-Правильное имя компании ""ООО ""Макс""""-Незаполненное поле]",""
"failed","Mon Sep 26 18:41:23 MSK 2022","Mon Sep 26 18:41:31 MSK 2022","7764","","test_page","","","","test_register[chromium-Ничего не поставлено-Галочка поставленна в поле соглашения-Введен набор цифр ""123""-Правильно введенный email-Не выбран ни один пункт меню-Правильное имя компании ""ООО ""Макс""""-Правильное имя ""Макс""]",""
"failed","Mon Sep 26 18:45:09 MSK 2022","Mon Sep 26 18:45:16 MSK 2022","7774","","test_page","","","","test_register[chromium-Ничего не поставлено-Галочка поставленна в поле соглашения-Ничего не введено-Введено ""maks@""-Выбран пункт меню-Правильное имя компании ""ООО ""Макс""""-Правильное имя ""Макс""]",""
"failed","Mon Sep 26 18:48:37 MSK 2022","Mon Sep 26 18:48:45 MSK 2022","7728","","test_page","","","","test_register[chromium-Ничего не поставлено-Ничего не поставлено-Введен телефон правильного формата-Введено ""maks@""-Выбран пункт меню-Незаполненное поле-Правильное имя ""Макс""]",""
"failed","Mon Sep 26 18:27:35 MSK 2022","Mon Sep 26 18:27:43 MSK 2022","7744","","test_page","","","","test_register[chromium-Галочка поставленна в поле рассылки-Галочка поставленна в поле соглашения-Ничего не введено-Ничего не введено-Не выбран ни один пункт меню-Правильное имя компании ""ООО ""Макс""""-Незаполненное поле]",""
"failed","Mon Sep 26 18:35:36 MSK 2022","Mon Sep 26 18:35:44 MSK 2022","7808","","test_page","","","","test_register[chromium-Галочка поставленна в поле рассылки-Ничего не поставлено-Ничего не введено-Введено ""maks@""-Выбран пункт меню-Правильное имя компании ""ООО ""Макс""""-Незаполненное поле]",""
"failed","Mon Sep 26 18:18:37 MSK 2022","Mon Sep 26 18:18:45 MSK 2022","7871","","test_page","","","","test_register[chromium-Галочка поставленна в поле рассылки-Галочка поставленна в поле соглашения-Введен телефон правильного формата-Правильно введенный email-Выбран пункт меню-Незаполненное поле-Правильное имя ""Макс""]",""
"failed","Mon Sep 26 18:39:39 MSK 2022","Mon Sep 26 18:39:46 MSK 2022","7706","","test_page","","","","test_register[chromium-Ничего не поставлено-Галочка поставленна в поле соглашения-Введен телефон правильного формата-Введено ""maks@""-Не выбран ни один пункт меню-Незаполненное поле-Незаполненное поле]",""
"failed","Mon Sep 26 18:52:46 MSK 2022","Mon Sep 26 18:52:53 MSK 2022","7661","","test_page","","","","test_register[chromium-Ничего не поставлено-Ничего не поставлено-Введен набор цифр ""123""-Ничего не введено-Выбран пункт меню-Правильное имя компании ""ООО ""Макс""""-Незаполненное поле]",""
"failed","Mon Sep 26 18:40:59 MSK 2022","Mon Sep 26 18:41:07 MSK 2022","7831","","test_page","","","","test_register[chromium-Ничего не поставлено-Галочка поставленна в поле соглашения-Введен набор цифр ""123""-Правильно введенный email-Выбран пункт меню-Правильное имя компании ""ООО ""Макс""""-Незаполненное поле]",""
"failed","Mon Sep 26 18:22:28 MSK 2022","Mon Sep 26 18:22:36 MSK 2022","7950","","test_page","","","","test_register[chromium-Галочка поставленна в поле рассылки-Галочка поставленна в поле соглашения-Введен набор цифр ""123""-Правильно введенный email-Не выбран ни один пункт меню-Незаполненное поле-Незаполненное поле]",""
"failed","Mon Sep 26 18:28:08 MSK 2022","Mon Sep 26 18:28:15 MSK 2022","7761","","test_page","","","","test_register[chromium-Галочка поставленна в поле рассылки-Ничего не поставлено-Введен телефон правильного формата-Правильно введенный email-Выбран пункт меню-Правильное имя компании ""ООО ""Макс""""-Незаполненное поле]",""
"failed","Mon Sep 26 18:42:19 MSK 2022","Mon Sep 26 18:42:27 MSK 2022","7729","","test_page","","","","test_register[chromium-Ничего не поставлено-Галочка поставленна в поле соглашения-Введен набор цифр ""123""-Введено ""maks@""-Выбран пункт меню-Незаполненное поле-Незаполненное поле]",""
"failed","Mon Sep 26 18:21:48 MSK 2022","Mon Sep 26 18:21:55 MSK 2022","7830","","test_page","","","","test_register[chromium-Галочка поставленна в поле рассылки-Галочка поставленна в поле соглашения-Введен набор цифр ""123""-Правильно введенный email-Выбран пункт меню-Незаполненное поле-Правильное имя ""Макс""]",""
"failed","Mon Sep 26 18:27:19 MSK 2022","Mon Sep 26 18:27:27 MSK 2022","7720","","test_page","","","","test_register[chromium-Галочка поставленна в поле рассылки-Галочка поставленна в поле соглашения-Ничего не введено-Ничего не введено-Выбран пункт меню-Незаполненное поле-Незаполненное поле]",""
"failed","Mon Sep 26 18:26:39 MSK 2022","Mon Sep 26 18:26:47 MSK 2022","7755","","test_page","","","","test_register[chromium-Галочка поставленна в поле рассылки-Галочка поставленна в поле соглашения-Ничего не введено-Введено ""maks@""-Не выбран ни один пункт меню-Незаполненное поле-Правильное имя ""Макс""]",""
"failed","Mon Sep 26 18:26:47 MSK 2022","Mon Sep 26 18:26:55 MSK 2022","7753","","test_page","","","","test_register[chromium-Галочка поставленна в поле рассылки-Галочка поставленна в поле соглашения-Ничего не введено-Введено ""maks@""-Не выбран ни один пункт меню-Незаполненное поле-Незаполненное поле]",""
"failed","Mon Sep 26 18:44:53 MSK 2022","Mon Sep 26 18:45:00 MSK 2022","7683","","test_page","","","","test_register[chromium-Ничего не поставлено-Галочка поставленна в поле соглашения-Ничего не введено-Правильно введенный email-Не выбран ни один пункт меню-Незаполненное поле-Правильное имя ""Макс""]",""
"failed","Mon Sep 26 18:40:27 MSK 2022","Mon Sep 26 18:40:34 MSK 2022","7670","","test_page","","","","test_register[chromium-Ничего не поставлено-Галочка поставленна в поле соглашения-Введен телефон правильного формата-Ничего не введено-Не выбран ни один пункт меню-Правильное имя компании ""ООО ""Макс""""-Незаполненное поле]",""
"failed","Mon Sep 26 18:36:17 MSK 2022","Mon Sep 26 18:36:24 MSK 2022","7724","","test_page","","","","test_register[chromium-Галочка поставленна в поле рассылки-Ничего не поставлено-Ничего не введено-Введено ""maks@""-Не выбран ни один пункт меню-Незаполненное поле-Правильное имя ""Макс""]",""
"failed","Mon Sep 26 18:51:42 MSK 2022","Mon Sep 26 18:51:49 MSK 2022","7751","","test_page","","","","test_register[chromium-Ничего не поставлено-Ничего не поставлено-Введен набор цифр ""123""-Введено ""maks@""-Выбран пункт меню-Правильное имя компании ""ООО ""Макс""""-Незаполненное поле]",""
"failed","Mon Sep 26 18:38:01 MSK 2022","Mon Sep 26 18:38:09 MSK 2022","7789","","test_page","","","","test_register[chromium-Ничего не поставлено-Галочка поставленна в поле соглашения-Введен телефон правильного формата-Правильно введенный email-Выбран пункт меню-Незаполненное поле-Незаполненное поле]",""
"failed","Mon Sep 26 18:33:59 MSK 2022","Mon Sep 26 18:34:07 MSK 2022","7703","","test_page","","","","test_register[chromium-Галочка поставленна в поле рассылки-Ничего не поставлено-Введен набор цифр ""123""-Ничего не введено-Не выбран ни один пункт меню-Правильное имя компании ""ООО ""Макс""""-Незаполненное поле]",""
"failed","Mon Sep 26 18:35:20 MSK 2022","Mon Sep 26 18:35:28 MSK 2022","7670","","test_page","","","","test_register[chromium-Галочка поставленна в поле рассылки-Ничего не поставлено-Ничего не введено-Правильно введенный email-Не выбран ни один пункт меню-Незаполненное поле-Незаполненное поле]",""
"failed","Mon Sep 26 18:23:01 MSK 2022","Mon Sep 26 18:23:09 MSK 2022","7880","","test_page","","","","test_register[chromium-Галочка поставленна в поле рассылки-Галочка поставленна в поле соглашения-Введен набор цифр ""123""-Введено ""maks@""-Выбран пункт меню-Незаполненное поле-Незаполненное поле]",""
"failed","Mon Sep 26 18:56:37 MSK 2022","Mon Sep 26 18:56:44 MSK 2022","7659","","test_page","","","","test_register[chromium-Ничего не поставлено-Ничего не поставлено-Ничего не введено-Ничего не введено-Не выбран ни один пункт меню-Незаполненное поле-Правильное имя ""Макс""]",""
"failed","Mon Sep 26 18:19:18 MSK 2022","Mon Sep 26 18:19:25 MSK 2022","7736","","test_page","","","","test_register[chromium-Галочка поставленна в поле рассылки-Галочка поставленна в поле соглашения-Введен телефон правильного формата-Правильно введенный email-Не выбран ни один пункт меню-Незаполненное поле-Незаполненное поле]",""
"failed","Mon Sep 26 18:42:27 MSK 2022","Mon Sep 26 18:42:35 MSK 2022","7815","","test_page","","","","test_register[chromium-Ничего не поставлено-Галочка поставленна в поле соглашения-Введен набор цифр ""123""-Введено ""maks@""-Не выбран ни один пункт меню-Правильное имя компании ""ООО ""Макс""""-Правильное имя ""Макс""]",""
"failed","Mon Sep 26 18:47:09 MSK 2022","Mon Sep 26 18:47:16 MSK 2022","7655","","test_page","","","","test_register[chromium-Ничего не поставлено-Галочка поставленна в поле соглашения-Ничего не введено-Ничего не введено-Не выбран ни один пункт меню-Незаполненное поле-Незаполненное поле]",""
"failed","Mon Sep 26 18:52:06 MSK 2022","Mon Sep 26 18:52:14 MSK 2022","8022","","test_page","","","","test_register[chromium-Ничего не поставлено-Ничего не поставлено-Введен набор цифр ""123""-Введено ""maks@""-Не выбран ни один пункт меню-Правильное имя компании ""ООО ""Макс""""-Правильное имя ""Макс""]",""
"failed","Mon Sep 26 18:50:53 MSK 2022","Mon Sep 26 18:51:01 MSK 2022","7769","","test_page","","","","test_register[chromium-Ничего не поставлено-Ничего не поставлено-Введен набор цифр ""123""-Правильно введенный email-Выбран пункт меню-Незаполненное поле-Незаполненное поле]",""
"failed","Mon Sep 26 18:53:33 MSK 2022","Mon Sep 26 18:53:41 MSK 2022","7622","","test_page","","","","test_register[chromium-Ничего не поставлено-Ничего не поставлено-Введен набор цифр ""123""-Ничего не введено-Не выбран ни один пункт меню-Незаполненное поле-Незаполненное поле]",""
"failed","Mon Sep 26 18:24:54 MSK 2022","Mon Sep 26 18:25:02 MSK 2022","8081","","test_page","","","","test_register[chromium-Галочка поставленна в поле рассылки-Галочка поставленна в поле соглашения-Ничего не введено-Правильно введенный email-Выбран пункт меню-Правильное имя компании ""ООО ""Макс""""-Незаполненное поле]",""
"failed","Mon Sep 26 18:46:29 MSK 2022","Mon Sep 26 18:46:37 MSK 2022","7696","","test_page","","","","test_register[chromium-Ничего не поставлено-Галочка поставленна в поле соглашения-Ничего не введено-Ничего не введено-Выбран пункт меню-Незаполненное поле-Правильное имя ""Макс""]",""
"failed","Mon Sep 26 18:43:40 MSK 2022","Mon Sep 26 18:43:48 MSK 2022","7951","","test_page","","","","test_register[chromium-Ничего не поставлено-Галочка поставленна в поле соглашения-Введен набор цифр ""123""-Ничего не введено-Не выбран ни один пункт меню-Правильное имя компании ""ООО ""Макс""""-Незаполненное поле]",""
"failed","Mon Sep 26 18:21:03 MSK 2022","Mon Sep 26 18:21:10 MSK 2022","7762","","test_page","","","","test_register[chromium-Галочка поставленна в поле рассылки-Галочка поставленна в поле соглашения-Введен телефон правильного формата-Ничего не введено-Не выбран ни один пункт меню-Правильное имя компании ""ООО ""Макс""""-Правильное имя ""Макс""]",""
"failed","Mon Sep 26 18:29:48 MSK 2022","Mon Sep 26 18:29:56 MSK 2022","7739","","test_page","","","","test_register[chromium-Галочка поставленна в поле рассылки-Ничего не поставлено-Введен телефон правильного формата-Введено ""maks@""-Не выбран ни один пункт меню-Незаполненное поле-Правильное имя ""Макс""]",""
"failed","Mon Sep 26 18:32:05 MSK 2022","Mon Sep 26 18:32:13 MSK 2022","7762","","test_page","","","","test_register[chromium-Галочка поставленна в поле рассылки-Ничего не поставлено-Введен набор цифр ""123""-Правильно введенный email-Не выбран ни один пункт меню-Незаполненное поле-Незаполненное поле]",""
"failed","Mon Sep 26 18:25:03 MSK 2022","Mon Sep 26 18:25:10 MSK 2022","7748","","test_page","","","","test_register[chromium-Галочка поставленна в поле рассылки-Галочка поставленна в поле соглашения-Ничего не введено-Правильно введенный email-Выбран пункт меню-Незаполненное поле-Правильное имя ""Макс""]",""
"failed","Mon Sep 26 18:19:10 MSK 2022","Mon Sep 26 18:19:17 MSK 2022","7764","","test_page","","","","test_register[chromium-Галочка поставленна в поле рассылки-Галочка поставленна в поле соглашения-Введен телефон правильного формата-Правильно введенный email-Не выбран ни один пункт меню-Незаполненное поле-Правильное имя ""Макс""]",""
"failed","Mon Sep 26 18:32:30 MSK 2022","Mon Sep 26 18:32:38 MSK 2022","7779","","test_page","","","","test_register[chromium-Галочка поставленна в поле рассылки-Ничего не поставлено-Введен набор цифр ""123""-Введено ""maks@""-Выбран пункт меню-Незаполненное поле-Правильное имя ""Макс""]",""
"failed","Mon Sep 26 18:36:49 MSK 2022","Mon Sep 26 18:36:56 MSK 2022","7726","","test_page","","","","test_register[chromium-Галочка поставленна в поле рассылки-Ничего не поставлено-Ничего не введено-Ничего не введено-Выбран пункт меню-Незаполненное поле-Правильное имя ""Макс""]",""
"failed","Mon Sep 26 18:56:13 MSK 2022","Mon Sep 26 18:56:21 MSK 2022","7699","","test_page","","","","test_register[chromium-Ничего не поставлено-Ничего не поставлено-Ничего не введено-Ничего не введено-Выбран пункт меню-Незаполненное поле-Незаполненное поле]",""
"failed","Mon Sep 26 18:25:19 MSK 2022","Mon Sep 26 18:25:26 MSK 2022","7769","","test_page","","","","test_register[chromium-Галочка поставленна в поле рассылки-Галочка поставленна в поле соглашения-Ничего не введено-Правильно введенный email-Не выбран ни один пункт меню-Правильное имя компании ""ООО ""Макс""""-Правильное имя ""Макс""]",""
"failed","Mon Sep 26 18:45:41 MSK 2022","Mon Sep 26 18:45:49 MSK 2022","7771","","test_page","","","","test_register[chromium-Ничего не поставлено-Галочка поставленна в поле соглашения-Ничего не введено-Введено ""maks@""-Не выбран ни один пункт меню-Правильное имя компании ""ООО ""Макс""""-Правильное имя ""Макс""]",""
"failed","Mon Sep 26 18:22:12 MSK 2022","Mon Sep 26 18:22:20 MSK 2022","7850","","test_page","","","","test_register[chromium-Галочка поставленна в поле рассылки-Галочка поставленна в поле соглашения-Введен набор цифр ""123""-Правильно введенный email-Не выбран ни один пункт меню-Правильное имя компании ""ООО ""Макс""""-Незаполненное поле]",""
"failed","Mon Sep 26 18:32:46 MSK 2022","Mon Sep 26 18:32:54 MSK 2022","7996","","test_page","","","","test_register[chromium-Галочка поставленна в поле рассылки-Ничего не поставлено-Введен набор цифр ""123""-Введено ""maks@""-Не выбран ни один пункт меню-Правильное имя компании ""ООО ""Макс""""-Правильное имя ""Макс""]",""
"failed","Mon Sep 26 18:25:59 MSK 2022","Mon Sep 26 18:26:06 MSK 2022","7763","","test_page","","","","test_register[chromium-Галочка поставленна в поле рассылки-Галочка поставленна в поле соглашения-Ничего не введено-Введено ""maks@""-Выбран пункт меню-Правильное имя компании ""ООО ""Макс""""-Незаполненное поле]",""
"failed","Mon Sep 26 18:54:45 MSK 2022","Mon Sep 26 18:54:53 MSK 2022","7719","","test_page","","","","test_register[chromium-Ничего не поставлено-Ничего не поставлено-Ничего не введено-Введено ""maks@""-Выбран пункт меню-Правильное имя компании ""ООО ""Макс""""-Правильное имя ""Макс""]",""
"failed","Mon Sep 26 18:43:08 MSK 2022","Mon Sep 26 18:43:16 MSK 2022","7736","","test_page","","","","test_register[chromium-Ничего не поставлено-Галочка поставленна в поле соглашения-Введен набор цифр ""123""-Ничего не введено-Выбран пункт меню-Правильное имя компании ""ООО ""Макс""""-Незаполненное поле]",""
"failed","Mon Sep 26 18:20:54 MSK 2022","Mon Sep 26 18:21:02 MSK 2022","7878","","test_page","","","","test_register[chromium-Галочка поставленна в поле рассылки-Галочка поставленна в поле соглашения-Введен телефон правильного формата-Ничего не введено-Выбран пункт меню-Незаполненное поле-Незаполненное поле]",""
"failed","Mon Sep 26 18:20:06 MSK 2022","Mon Sep 26 18:20:14 MSK 2022","7771","","test_page","","","","test_register[chromium-Галочка поставленна в поле рассылки-Галочка поставленна в поле соглашения-Введен телефон правильного формата-Введено ""maks@""-Не выбран ни один пункт меню-Правильное имя компании ""ООО ""Макс""""-Незаполненное поле]",""
"failed","Mon Sep 26 18:21:11 MSK 2022","Mon Sep 26 18:21:18 MSK 2022","7777","","test_page","","","","test_register[chromium-Галочка поставленна в поле рассылки-Галочка поставленна в поле соглашения-Введен телефон правильного формата-Ничего не введено-Не выбран ни один пункт меню-Правильное имя компании ""ООО ""Макс""""-Незаполненное поле]",""
"failed","Mon Sep 26 18:51:01 MSK 2022","Mon Sep 26 18:51:09 MSK 2022","7807","","test_page","","","","test_register[chromium-Ничего не поставлено-Ничего не поставлено-Введен набор цифр ""123""-Правильно введенный email-Не выбран ни один пункт меню-Правильное имя компании ""ООО ""Макс""""-Правильное имя ""Макс""]",""
"failed","Mon Sep 26 18:36:09 MSK 2022","Mon Sep 26 18:36:17 MSK 2022","7840","","test_page","","","","test_register[chromium-Галочка поставленна в поле рассылки-Ничего не поставлено-Ничего не введено-Введено ""maks@""-Не выбран ни один пункт меню-Правильное имя компании ""ООО ""Макс""""-Незаполненное поле]",""
"failed","Mon Sep 26 18:29:08 MSK 2022","Mon Sep 26 18:29:16 MSK 2022","7786","","test_page","","","","test_register[chromium-Галочка поставленна в поле рассылки-Ничего не поставлено-Введен телефон правильного формата-Введено ""maks@""-Выбран пункт меню-Правильное имя компании ""ООО ""Макс""""-Незаполненное поле]",""
"failed","Mon Sep 26 18:42:36 MSK 2022","Mon Sep 26 18:42:43 MSK 2022","7744","","test_page","","","","test_register[chromium-Ничего не поставлено-Галочка поставленна в поле соглашения-Введен набор цифр ""123""-Введено ""maks@""-Не выбран ни один пункт меню-Правильное имя компании ""ООО ""Макс""""-Незаполненное поле]",""
"failed","Mon Sep 26 18:46:45 MSK 2022","Mon Sep 26 18:46:53 MSK 2022","7705","","test_page","","","","test_register[chromium-Ничего не поставлено-Галочка поставленна в поле соглашения-Ничего не введено-Ничего не введено-Не выбран ни один пункт меню-Правильное имя компании ""ООО ""Макс""""-Правильное имя ""Макс""]",""
"failed","Mon Sep 26 18:26:55 MSK 2022","Mon Sep 26 18:27:03 MSK 2022","7780","","test_page","","","","test_register[chromium-Галочка поставленна в поле рассылки-Галочка поставленна в поле соглашения-Ничего не введено-Ничего не введено-Выбран пункт меню-Правильное имя компании ""ООО ""Макс""""-Правильное имя ""Макс""]",""
"failed","Mon Sep 26 18:31:08 MSK 2022","Mon Sep 26 18:31:16 MSK 2022","8083","","test_page","","","","test_register[chromium-Галочка поставленна в поле рассылки-Ничего не поставлено-Введен набор цифр ""123""-Правильно введенный email-Выбран пункт меню-Правильное имя компании ""ООО ""Макс""""-Правильное имя ""Макс""]",""
"failed","Mon Sep 26 18:47:33 MSK 2022","Mon Sep 26 18:47:41 MSK 2022","7779","","test_page","","","","test_register[chromium-Ничего не поставлено-Ничего не поставлено-Введен телефон правильного формата-Правильно введенный email-Выбран пункт меню-Незаполненное поле-Правильное имя ""Макс""]",""
"failed","Mon Sep 26 18:34:07 MSK 2022","Mon Sep 26 18:34:15 MSK 2022","7675","","test_page","","","","test_register[chromium-Галочка поставленна в поле рассылки-Ничего не поставлено-Введен набор цифр ""123""-Ничего не введено-Не выбран ни один пункт меню-Незаполненное поле-Правильное имя ""Макс""]",""
"failed","Mon Sep 26 18:39:55 MSK 2022","Mon Sep 26 18:40:02 MSK 2022","7757","","test_page","","","","test_register[chromium-Ничего не поставлено-Галочка поставленна в поле соглашения-Введен телефон правильного формата-Ничего не введено-Выбран пункт меню-Правильное имя компании ""ООО ""Макс""""-Незаполненное поле]",""
"failed","Mon Sep 26 18:54:29 MSK 2022","Mon Sep 26 18:54:37 MSK 2022","7894","","test_page","","","","test_register[chromium-Ничего не поставлено-Ничего не поставлено-Ничего не введено-Правильно введенный email-Не выбран ни один пункт меню-Незаполненное поле-Правильное имя ""Макс""]",""
"failed","Mon Sep 26 18:21:19 MSK 2022","Mon Sep 26 18:21:26 MSK 2022","7783","","test_page","","","","test_register[chromium-Галочка поставленна в поле рассылки-Галочка поставленна в поле соглашения-Введен телефон правильного формата-Ничего не введено-Не выбран ни один пункт меню-Незаполненное поле-Правильное имя ""Макс""]",""
"failed","Mon Sep 26 18:44:37 MSK 2022","Mon Sep 26 18:44:44 MSK 2022","7714","","test_page","","","","test_register[chromium-Ничего не поставлено-Галочка поставленна в поле соглашения-Ничего не введено-Правильно введенный email-Не выбран ни один пункт меню-Правильное имя компании ""ООО ""Макс""""-Правильное имя ""Макс""]",""
"failed","Mon Sep 26 18:29:16 MSK 2022","Mon Sep 26 18:29:24 MSK 2022","7751","","test_page","","","","test_register[chromium-Галочка поставленна в поле рассылки-Ничего не поставлено-Введен телефон правильного формата-Введено ""maks@""-Выбран пункт меню-Незаполненное поле-Правильное имя ""Макс""]",""
"failed","Mon Sep 26 18:53:17 MSK 2022","Mon Sep 26 18:53:25 MSK 2022","7663","","test_page","","","","test_register[chromium-Ничего не поставлено-Ничего не поставлено-Введен набор цифр ""123""-Ничего не введено-Не выбран ни один пункт меню-Правильное имя компании ""ООО ""Макс""""-Незаполненное поле]",""
"broken","Mon Sep 26 18:42:04 MSK 2022","Mon Sep 26 18:42:11 MSK 2022","7304","","test_page","","","","test_register[chromium-Ничего не поставлено-Галочка поставленна в поле соглашения-Введен набор цифр ""123""-Введено ""maks@""-Выбран пункт меню-Правильное имя компании ""ООО ""Макс""""-Незаполненное поле]",""
"failed","Mon Sep 26 18:44:21 MSK 2022","Mon Sep 26 18:44:28 MSK 2022","7771","","test_page","","","","test_register[chromium-Ничего не поставлено-Галочка поставленна в поле соглашения-Ничего не введено-Правильно введенный email-Выбран пункт меню-Незаполненное поле-Правильное имя ""Макс""]",""
"broken","Mon Sep 26 18:28:24 MSK 2022","Mon Sep 26 18:28:28 MSK 2022","4004","","test_page","","","","test_register[chromium-Галочка поставленна в поле рассылки-Ничего не поставлено-Введен телефон правильного формата-Правильно введенный email-Выбран пункт меню-Незаполненное поле-Незаполненное поле]",""
"failed","Mon Sep 26 18:20:22 MSK 2022","Mon Sep 26 18:20:30 MSK 2022","7752","","test_page","","","","test_register[chromium-Галочка поставленна в поле рассылки-Галочка поставленна в поле соглашения-Введен телефон правильного формата-Введено ""maks@""-Не выбран ни один пункт меню-Незаполненное поле-Незаполненное поле]",""
"failed","Mon Sep 26 18:33:51 MSK 2022","Mon Sep 26 18:33:59 MSK 2022","7792","","test_page","","","","test_register[chromium-Галочка поставленна в поле рассылки-Ничего не поставлено-Введен набор цифр ""123""-Ничего не введено-Не выбран ни один пункт меню-Правильное имя компании ""ООО ""Макс""""-Правильное имя ""Макс""]",""
"failed","Mon Sep 26 18:51:09 MSK 2022","Mon Sep 26 18:51:17 MSK 2022","7742","","test_page","","","","test_register[chromium-Ничего не поставлено-Ничего не поставлено-Введен набор цифр ""123""-Правильно введенный email-Не выбран ни один пункт меню-Правильное имя компании ""ООО ""Макс""""-Незаполненное поле]",""
"failed","Mon Sep 26 18:21:27 MSK 2022","Mon Sep 26 18:21:35 MSK 2022","7985","","test_page","","","","test_register[chromium-Галочка поставленна в поле рассылки-Галочка поставленна в поле соглашения-Введен телефон правильного формата-Ничего не введено-Не выбран ни один пункт меню-Незаполненное поле-Незаполненное поле]",""
"failed","Mon Sep 26 18:50:05 MSK 2022","Mon Sep 26 18:50:12 MSK 2022","7625","","test_page","","","","test_register[chromium-Ничего не поставлено-Ничего не поставлено-Введен телефон правильного формата-Ничего не введено-Не выбран ни один пункт меню-Правильное имя компании ""ООО ""Макс""""-Незаполненное поле]",""
"failed","Mon Sep 26 18:55:49 MSK 2022","Mon Sep 26 18:55:57 MSK 2022","7654","","test_page","","","","test_register[chromium-Ничего не поставлено-Ничего не поставлено-Ничего не введено-Ничего не введено-Выбран пункт меню-Правильное имя компании ""ООО ""Макс""""-Правильное имя ""Макс""]",""
"failed","Mon Sep 26 18:24:06 MSK 2022","Mon Sep 26 18:24:14 MSK 2022","7707","","test_page","","","","test_register[chromium-Галочка поставленна в поле рассылки-Галочка поставленна в поле соглашения-Введен набор цифр ""123""-Ничего не введено-Выбран пункт меню-Незаполненное поле-Незаполненное поле]",""
"failed","Mon Sep 26 18:19:58 MSK 2022","Mon Sep 26 18:20:06 MSK 2022","7802","","test_page","","","","test_register[chromium-Галочка поставленна в поле рассылки-Галочка поставленна в поле соглашения-Введен телефон правильного формата-Введено ""maks@""-Не выбран ни один пункт меню-Правильное имя компании ""ООО ""Макс""""-Правильное имя ""Макс""]",""
"failed","Mon Sep 26 18:36:57 MSK 2022","Mon Sep 26 18:37:04 MSK 2022","7728","","test_page","","","","test_register[chromium-Галочка поставленна в поле рассылки-Ничего не поставлено-Ничего не введено-Ничего не введено-Выбран пункт меню-Незаполненное поле-Незаполненное поле]",""
"failed","Mon Sep 26 18:23:25 MSK 2022","Mon Sep 26 18:23:33 MSK 2022","7809","","test_page","","","","test_register[chromium-Галочка поставленна в поле рассылки-Галочка поставленна в поле соглашения-Введен набор цифр ""123""-Введено ""maks@""-Не выбран ни один пункт меню-Незаполненное поле-Правильное имя ""Макс""]",""
"failed","Mon Sep 26 18:56:29 MSK 2022","Mon Sep 26 18:56:36 MSK 2022","7623","","test_page","","","","test_register[chromium-Ничего не поставлено-Ничего не поставлено-Ничего не введено-Ничего не введено-Не выбран ни один пункт меню-Правильное имя компании ""ООО ""Макс""""-Незаполненное поле]",""
"failed","Mon Sep 26 18:40:19 MSK 2022","Mon Sep 26 18:40:26 MSK 2022","7754","","test_page","","","","test_register[chromium-Ничего не поставлено-Галочка поставленна в поле соглашения-Введен телефон правильного формата-Ничего не введено-Не выбран ни один пункт меню-Правильное имя компании ""ООО ""Макс""""-Правильное имя ""Макс""]",""
"failed","Mon Sep 26 18:52:54 MSK 2022","Mon Sep 26 18:53:01 MSK 2022","7663","","test_page","","","","test_register[chromium-Ничего не поставлено-Ничего не поставлено-Введен набор цифр ""123""-Ничего не введено-Выбран пункт меню-Незаполненное поле-Правильное имя ""Макс""]",""
"failed","Mon Sep 26 18:40:11 MSK 2022","Mon Sep 26 18:40:18 MSK 2022","7682","","test_page","","","","test_register[chromium-Ничего не поставлено-Галочка поставленна в поле соглашения-Введен телефон правильного формата-Ничего не введено-Выбран пункт меню-Незаполненное поле-Незаполненное поле]",""
"failed","Mon Sep 26 18:28:44 MSK 2022","Mon Sep 26 18:28:52 MSK 2022","7721","","test_page","","","","test_register[chromium-Галочка поставленна в поле рассылки-Ничего не поставлено-Введен телефон правильного формата-Правильно введенный email-Не выбран ни один пункт меню-Незаполненное поле-Правильное имя ""Макс""]",""
"failed","Mon Sep 26 18:49:41 MSK 2022","Mon Sep 26 18:49:49 MSK 2022","7763","","test_page","","","","test_register[chromium-Ничего не поставлено-Ничего не поставлено-Введен телефон правильного формата-Ничего не введено-Выбран пункт меню-Незаполненное поле-Правильное имя ""Макс""]",""
"failed","Mon Sep 26 18:31:57 MSK 2022","Mon Sep 26 18:32:05 MSK 2022","7936","","test_page","","","","test_register[chromium-Галочка поставленна в поле рассылки-Ничего не поставлено-Введен набор цифр ""123""-Правильно введенный email-Не выбран ни один пункт меню-Незаполненное поле-Правильное имя ""Макс""]",""
"failed","Mon Sep 26 18:51:58 MSK 2022","Mon Sep 26 18:52:05 MSK 2022","7695","","test_page","","","","test_register[chromium-Ничего не поставлено-Ничего не поставлено-Введен набор цифр ""123""-Введено ""maks@""-Выбран пункт меню-Незаполненное поле-Незаполненное поле]",""
"failed","Mon Sep 26 18:54:53 MSK 2022","Mon Sep 26 18:55:01 MSK 2022","7660","","test_page","","","","test_register[chromium-Ничего не поставлено-Ничего не поставлено-Ничего не введено-Введено ""maks@""-Выбран пункт меню-Правильное имя компании ""ООО ""Макс""""-Незаполненное поле]",""
"failed","Mon Sep 26 18:26:31 MSK 2022","Mon Sep 26 18:26:39 MSK 2022","7712","","test_page","","","","test_register[chromium-Галочка поставленна в поле рассылки-Галочка поставленна в поле соглашения-Ничего не введено-Введено ""maks@""-Не выбран ни один пункт меню-Правильное имя компании ""ООО ""Макс""""-Незаполненное поле]",""
"failed","Mon Sep 26 18:38:50 MSK 2022","Mon Sep 26 18:38:58 MSK 2022","7824","","test_page","","","","test_register[chromium-Ничего не поставлено-Галочка поставленна в поле соглашения-Введен телефон правильного формата-Введено ""maks@""-Выбран пункт меню-Правильное имя компании ""ООО ""Макс""""-Незаполненное поле]",""
"failed","Mon Sep 26 18:38:58 MSK 2022","Mon Sep 26 18:39:06 MSK 2022","7988","","test_page","","","","test_register[chromium-Ничего не поставлено-Галочка поставленна в поле соглашения-Введен телефон правильного формата-Введено ""maks@""-Выбран пункт меню-Незаполненное поле-Правильное имя ""Макс""]",""
"failed","Mon Sep 26 18:40:43 MSK 2022","Mon Sep 26 18:40:50 MSK 2022","7690","","test_page","","","","test_register[chromium-Ничего не поставлено-Галочка поставленна в поле соглашения-Введен телефон правильного формата-Ничего не введено-Не выбран ни один пункт меню-Незаполненное поле-Незаполненное поле]",""
"failed","Mon Sep 26 18:20:14 MSK 2022","Mon Sep 26 18:20:22 MSK 2022","7950","","test_page","","","","test_register[chromium-Галочка поставленна в поле рассылки-Галочка поставленна в поле соглашения-Введен телефон правильного формата-Введено ""maks@""-Не выбран ни один пункт меню-Незаполненное поле-Правильное имя ""Макс""]",""
"failed","Mon Sep 26 18:46:05 MSK 2022","Mon Sep 26 18:46:13 MSK 2022","7699","","test_page","","","","test_register[chromium-Ничего не поставлено-Галочка поставленна в поле соглашения-Ничего не введено-Введено ""maks@""-Не выбран ни один пункт меню-Незаполненное поле-Незаполненное поле]",""
"failed","Mon Sep 26 18:22:44 MSK 2022","Mon Sep 26 18:22:52 MSK 2022","8029","","test_page","","","","test_register[chromium-Галочка поставленна в поле рассылки-Галочка поставленна в поле соглашения-Введен набор цифр ""123""-Введено ""maks@""-Выбран пункт меню-Правильное имя компании ""ООО ""Макс""""-Незаполненное поле]",""
"failed","Mon Sep 26 18:42:44 MSK 2022","Mon Sep 26 18:42:52 MSK 2022","7993","","test_page","","","","test_register[chromium-Ничего не поставлено-Галочка поставленна в поле соглашения-Введен набор цифр ""123""-Введено ""maks@""-Не выбран ни один пункт меню-Незаполненное поле-Правильное имя ""Макс""]",""
"failed","Mon Sep 26 18:48:45 MSK 2022","Mon Sep 26 18:48:53 MSK 2022","7792","","test_page","","","","test_register[chromium-Ничего не поставлено-Ничего не поставлено-Введен телефон правильного формата-Введено ""maks@""-Выбран пункт меню-Незаполненное поле-Незаполненное поле]",""
"failed","Mon Sep 26 18:48:29 MSK 2022","Mon Sep 26 18:48:37 MSK 2022","7782","","test_page","","","","test_register[chromium-Ничего не поставлено-Ничего не поставлено-Введен телефон правильного формата-Введено ""maks@""-Выбран пункт меню-Правильное имя компании ""ООО ""Макс""""-Незаполненное поле]",""
"failed","Mon Sep 26 18:35:03 MSK 2022","Mon Sep 26 18:35:11 MSK 2022","7802","","test_page","","","","test_register[chromium-Галочка поставленна в поле рассылки-Ничего не поставлено-Ничего не введено-Правильно введенный email-Не выбран ни один пункт меню-Правильное имя компании ""ООО ""Макс""""-Незаполненное поле]",""
"failed","Mon Sep 26 18:47:01 MSK 2022","Mon Sep 26 18:47:08 MSK 2022","7643","","test_page","","","","test_register[chromium-Ничего не поставлено-Галочка поставленна в поле соглашения-Ничего не введено-Ничего не введено-Не выбран ни один пункт меню-Незаполненное поле-Правильное имя ""Макс""]",""
"failed","Mon Sep 26 18:31:33 MSK 2022","Mon Sep 26 18:31:41 MSK 2022","7773","","test_page","","","","test_register[chromium-Галочка поставленна в поле рассылки-Ничего не поставлено-Введен набор цифр ""123""-Правильно введенный email-Выбран пункт меню-Незаполненное поле-Незаполненное поле]",""
"failed","Mon Sep 26 18:34:23 MSK 2022","Mon Sep 26 18:34:31 MSK 2022","7788","","test_page","","","","test_register[chromium-Галочка поставленна в поле рассылки-Ничего не поставлено-Ничего не введено-Правильно введенный email-Выбран пункт меню-Правильное имя компании ""ООО ""Макс""""-Правильное имя ""Макс""]",""
"failed","Mon Sep 26 18:34:39 MSK 2022","Mon Sep 26 18:34:47 MSK 2022","7751","","test_page","","","","test_register[chromium-Галочка поставленна в поле рассылки-Ничего не поставлено-Ничего не введено-Правильно введенный email-Выбран пункт меню-Незаполненное поле-Правильное имя ""Макс""]",""
"failed","Mon Sep 26 18:35:44 MSK 2022","Mon Sep 26 18:35:52 MSK 2022","7818","","test_page","","","","test_register[chromium-Галочка поставленна в поле рассылки-Ничего не поставлено-Ничего не введено-Введено ""maks@""-Выбран пункт меню-Незаполненное поле-Правильное имя ""Макс""]",""
"failed","Mon Sep 26 18:37:37 MSK 2022","Mon Sep 26 18:37:45 MSK 2022","7842","","test_page","","","","test_register[chromium-Ничего не поставлено-Галочка поставленна в поле соглашения-Введен телефон правильного формата-Правильно введенный email-Выбран пункт меню-Правильное имя компании ""ООО ""Макс""""-Правильное имя ""Макс""]",""
"failed","Mon Sep 26 18:55:17 MSK 2022","Mon Sep 26 18:55:25 MSK 2022","7722","","test_page","","","","test_register[chromium-Ничего не поставлено-Ничего не поставлено-Ничего не введено-Введено ""maks@""-Не выбран ни один пункт меню-Правильное имя компании ""ООО ""Макс""""-Правильное имя ""Макс""]",""
"failed","Mon Sep 26 18:33:03 MSK 2022","Mon Sep 26 18:33:10 MSK 2022","7782","","test_page","","","","test_register[chromium-Галочка поставленна в поле рассылки-Ничего не поставлено-Введен набор цифр ""123""-Введено ""maks@""-Не выбран ни один пункт меню-Незаполненное поле-Правильное имя ""Макс""]",""
"failed","Mon Sep 26 18:29:24 MSK 2022","Mon Sep 26 18:29:32 MSK 2022","7724","","test_page","","","","test_register[chromium-Галочка поставленна в поле рассылки-Ничего не поставлено-Введен телефон правильного формата-Введено ""maks@""-Выбран пункт меню-Незаполненное поле-Незаполненное поле]",""
"failed","Mon Sep 26 18:41:15 MSK 2022","Mon Sep 26 18:41:23 MSK 2022","7756","","test_page","","","","test_register[chromium-Ничего не поставлено-Галочка поставленна в поле соглашения-Введен набор цифр ""123""-Правильно введенный email-Выбран пункт меню-Незаполненное поле-Незаполненное поле]",""
"failed","Mon Sep 26 18:53:49 MSK 2022","Mon Sep 26 18:53:57 MSK 2022","7708","","test_page","","","","test_register[chromium-Ничего не поставлено-Ничего не поставлено-Ничего не введено-Правильно введенный email-Выбран пункт меню-Правильное имя компании ""ООО ""Макс""""-Незаполненное поле]",""
"failed","Mon Sep 26 18:46:21 MSK 2022","Mon Sep 26 18:46:29 MSK 2022","7752","","test_page","","","","test_register[chromium-Ничего не поставлено-Галочка поставленна в поле соглашения-Ничего не введено-Ничего не введено-Выбран пункт меню-Правильное имя компании ""ООО ""Макс""""-Незаполненное поле]",""
"failed","Mon Sep 26 18:47:41 MSK 2022","Mon Sep 26 18:47:49 MSK 2022","7764","","test_page","","","","test_register[chromium-Ничего не поставлено-Ничего не поставлено-Введен телефон правильного формата-Правильно введенный email-Выбран пункт меню-Незаполненное поле-Незаполненное поле]",""
"failed","Mon Sep 26 18:29:56 MSK 2022","Mon Sep 26 18:30:04 MSK 2022","7721","","test_page","","","","test_register[chromium-Галочка поставленна в поле рассылки-Ничего не поставлено-Введен телефон правильного формата-Введено ""maks@""-Не выбран ни один пункт меню-Незаполненное поле-Незаполненное поле]",""
"failed","Mon Sep 26 18:43:16 MSK 2022","Mon Sep 26 18:43:24 MSK 2022","7731","","test_page","","","","test_register[chromium-Ничего не поставлено-Галочка поставленна в поле соглашения-Введен набор цифр ""123""-Ничего не введено-Выбран пункт меню-Незаполненное поле-Правильное имя ""Макс""]",""
"failed","Mon Sep 26 18:24:14 MSK 2022","Mon Sep 26 18:24:22 MSK 2022","7813","","test_page","","","","test_register[chromium-Галочка поставленна в поле рассылки-Галочка поставленна в поле соглашения-Введен набор цифр ""123""-Ничего не введено-Не выбран ни один пункт меню-Правильное имя компании ""ООО ""Макс""""-Правильное имя ""Макс""]",""
"failed","Mon Sep 26 18:50:37 MSK 2022","Mon Sep 26 18:50:44 MSK 2022","7737","","test_page","","","","test_register[chromium-Ничего не поставлено-Ничего не поставлено-Введен набор цифр ""123""-Правильно введенный email-Выбран пункт меню-Правильное имя компании ""ООО ""Макс""""-Незаполненное поле]",""
"failed","Mon Sep 26 18:34:47 MSK 2022","Mon Sep 26 18:34:55 MSK 2022","7774","","test_page","","","","test_register[chromium-Галочка поставленна в поле рассылки-Ничего не поставлено-Ничего не введено-Правильно введенный email-Выбран пункт меню-Незаполненное поле-Незаполненное поле]",""
"failed","Mon Sep 26 18:24:46 MSK 2022","Mon Sep 26 18:24:54 MSK 2022","7844","","test_page","","","","test_register[chromium-Галочка поставленна в поле рассылки-Галочка поставленна в поле соглашения-Ничего не введено-Правильно введенный email-Выбран пункт меню-Правильное имя компании ""ООО ""Макс""""-Правильное имя ""Макс""]",""
"failed","Mon Sep 26 18:52:30 MSK 2022","Mon Sep 26 18:52:37 MSK 2022","7661","","test_page","","","","test_register[chromium-Ничего не поставлено-Ничего не поставлено-Введен набор цифр ""123""-Введено ""maks@""-Не выбран ни один пункт меню-Незаполненное поле-Незаполненное поле]",""
"failed","Mon Sep 26 18:46:53 MSK 2022","Mon Sep 26 18:47:01 MSK 2022","7636","","test_page","","","","test_register[chromium-Ничего не поставлено-Галочка поставленна в поле соглашения-Ничего не введено-Ничего не введено-Не выбран ни один пункт меню-Правильное имя компании ""ООО ""Макс""""-Незаполненное поле]",""
"failed","Mon Sep 26 18:26:15 MSK 2022","Mon Sep 26 18:26:23 MSK 2022","7718","","test_page","","","","test_register[chromium-Галочка поставленна в поле рассылки-Галочка поставленна в поле соглашения-Ничего не введено-Введено ""maks@""-Выбран пункт меню-Незаполненное поле-Незаполненное поле]",""
"failed","Mon Sep 26 18:48:05 MSK 2022","Mon Sep 26 18:48:13 MSK 2022","7661","","test_page","","","","test_register[chromium-Ничего не поставлено-Ничего не поставлено-Введен телефон правильного формата-Правильно введенный email-Не выбран ни один пункт меню-Незаполненное поле-Правильное имя ""Макс""]",""
"failed","Mon Sep 26 18:22:04 MSK 2022","Mon Sep 26 18:22:12 MSK 2022","7863","","test_page","","","","test_register[chromium-Галочка поставленна в поле рассылки-Галочка поставленна в поле соглашения-Введен набор цифр ""123""-Правильно введенный email-Не выбран ни один пункт меню-Правильное имя компании ""ООО ""Макс""""-Правильное имя ""Макс""]",""
"failed","Mon Sep 26 18:44:29 MSK 2022","Mon Sep 26 18:44:36 MSK 2022","7816","","test_page","","","","test_register[chromium-Ничего не поставлено-Галочка поставленна в поле соглашения-Ничего не введено-Правильно введенный email-Выбран пункт меню-Незаполненное поле-Незаполненное поле]",""
"failed","Mon Sep 26 18:32:22 MSK 2022","Mon Sep 26 18:32:30 MSK 2022","7823","","test_page","","","","test_register[chromium-Галочка поставленна в поле рассылки-Ничего не поставлено-Введен набор цифр ""123""-Введено ""maks@""-Выбран пункт меню-Правильное имя компании ""ООО ""Макс""""-Незаполненное поле]",""
"failed","Mon Sep 26 18:27:59 MSK 2022","Mon Sep 26 18:28:07 MSK 2022","7824","","test_page","","","","test_register[chromium-Галочка поставленна в поле рассылки-Ничего не поставлено-Введен телефон правильного формата-Правильно введенный email-Выбран пункт меню-Правильное имя компании ""ООО ""Макс""""-Правильное имя ""Макс""]",""
"failed","Mon Sep 26 18:48:53 MSK 2022","Mon Sep 26 18:49:01 MSK 2022","7713","","test_page","","","","test_register[chromium-Ничего не поставлено-Ничего не поставлено-Введен телефон правильного формата-Введено ""maks@""-Не выбран ни один пункт меню-Правильное имя компании ""ООО ""Макс""""-Правильное имя ""Макс""]",""
"passed","Mon Sep 26 18:21:35 MSK 2022","Mon Sep 26 18:21:39 MSK 2022","4532","","test_page","","","","test_register[chromium-Галочка поставленна в поле рассылки-Галочка поставленна в поле соглашения-Введен набор цифр ""123""-Правильно введенный email-Выбран пункт меню-Правильное имя компании ""ООО ""Макс""""-Правильное имя ""Макс""]",""
"failed","Mon Sep 26 18:45:57 MSK 2022","Mon Sep 26 18:46:05 MSK 2022","7678","","test_page","","","","test_register[chromium-Ничего не поставлено-Галочка поставленна в поле соглашения-Ничего не введено-Введено ""maks@""-Не выбран ни один пункт меню-Незаполненное поле-Правильное имя ""Макс""]",""
"failed","Mon Sep 26 18:45:49 MSK 2022","Mon Sep 26 18:45:57 MSK 2022","7761","","test_page","","","","test_register[chromium-Ничего не поставлено-Галочка поставленна в поле соглашения-Ничего не введено-Введено ""maks@""-Не выбран ни один пункт меню-Правильное имя компании ""ООО ""Макс""""-Незаполненное поле]",""
"failed","Mon Sep 26 18:43:48 MSK 2022","Mon Sep 26 18:43:56 MSK 2022","7781","","test_page","","","","test_register[chromium-Ничего не поставлено-Галочка поставленна в поле соглашения-Введен набор цифр ""123""-Ничего не введено-Не выбран ни один пункт меню-Незаполненное поле-Правильное имя ""Макс""]",""
"failed","Mon Sep 26 18:36:25 MSK 2022","Mon Sep 26 18:36:32 MSK 2022","7637","","test_page","","","","test_register[chromium-Галочка поставленна в поле рассылки-Ничего не поставлено-Ничего не введено-Введено ""maks@""-Не выбран ни один пункт меню-Незаполненное поле-Незаполненное поле]",""
"failed","Mon Sep 26 18:56:21 MSK 2022","Mon Sep 26 18:56:29 MSK 2022","7646","","test_page","","","","test_register[chromium-Ничего не поставлено-Ничего не поставлено-Ничего не введено-Ничего не введено-Не выбран ни один пункт меню-Правильное имя компании ""ООО ""Макс""""-Правильное имя ""Макс""]",""
"failed","Mon Sep 26 18:39:14 MSK 2022","Mon Sep 26 18:39:22 MSK 2022","7812","","test_page","","","","test_register[chromium-Ничего не поставлено-Галочка поставленна в поле соглашения-Введен телефон правильного формата-Введено ""maks@""-Не выбран ни один пункт меню-Правильное имя компании ""ООО ""Макс""""-Правильное имя ""Макс""]",""
"failed","Mon Sep 26 18:32:54 MSK 2022","Mon Sep 26 18:33:02 MSK 2022","7787","","test_page","","","","test_register[chromium-Галочка поставленна в поле рассылки-Ничего не поставлено-Введен набор цифр ""123""-Введено ""maks@""-Не выбран ни один пункт меню-Правильное имя компании ""ООО ""Макс""""-Незаполненное поле]",""
"failed","Mon Sep 26 18:25:11 MSK 2022","Mon Sep 26 18:25:18 MSK 2022","7765","","test_page","","","","test_register[chromium-Галочка поставленна в поле рассылки-Галочка поставленна в поле соглашения-Ничего не введено-Правильно введенный email-Выбран пункт меню-Незаполненное поле-Незаполненное поле]",""
"failed","Mon Sep 26 18:52:38 MSK 2022","Mon Sep 26 18:52:46 MSK 2022","7735","","test_page","","","","test_register[chromium-Ничего не поставлено-Ничего не поставлено-Введен набор цифр ""123""-Ничего не введено-Выбран пункт меню-Правильное имя компании ""ООО ""Макс""""-Правильное имя ""Макс""]",""
"failed","Mon Sep 26 18:24:22 MSK 2022","Mon Sep 26 18:24:30 MSK 2022","7769","","test_page","","","","test_register[chromium-Галочка поставленна в поле рассылки-Галочка поставленна в поле соглашения-Введен набор цифр ""123""-Ничего не введено-Не выбран ни один пункт меню-Правильное имя компании ""ООО ""Макс""""-Незаполненное поле]",""
"failed","Mon Sep 26 18:53:10 MSK 2022","Mon Sep 26 18:53:17 MSK 2022","7687","","test_page","","","","test_register[chromium-Ничего не поставлено-Ничего не поставлено-Введен набор цифр ""123""-Ничего не введено-Не выбран ни один пункт меню-Правильное имя компании ""ООО ""Макс""""-Правильное имя ""Макс""]",""
"failed","Mon Sep 26 18:28:28 MSK 2022","Mon Sep 26 18:28:36 MSK 2022","7940","","test_page","","","","test_register[chromium-Галочка поставленна в поле рассылки-Ничего не поставлено-Введен телефон правильного формата-Правильно введенный email-Не выбран ни один пункт меню-Правильное имя компании ""ООО ""Макс""""-Правильное имя ""Макс""]",""
"failed","Mon Sep 26 18:18:53 MSK 2022","Mon Sep 26 18:19:01 MSK 2022","7995","","test_page","","","","test_register[chromium-Галочка поставленна в поле рассылки-Галочка поставленна в поле соглашения-Введен телефон правильного формата-Правильно введенный email-Не выбран ни один пункт меню-Правильное имя компании ""ООО ""Макс""""-Правильное имя ""Макс""]",""
"failed","Mon Sep 26 18:27:11 MSK 2022","Mon Sep 26 18:27:19 MSK 2022","7697","","test_page","","","","test_register[chromium-Галочка поставленна в поле рассылки-Галочка поставленна в поле соглашения-Ничего не введено-Ничего не введено-Выбран пункт меню-Незаполненное поле-Правильное имя ""Макс""]",""
"failed","Mon Sep 26 18:54:37 MSK 2022","Mon Sep 26 18:54:45 MSK 2022","7754","","test_page","","","","test_register[chromium-Ничего не поставлено-Ничего не поставлено-Ничего не введено-Правильно введенный email-Не выбран ни один пункт меню-Незаполненное поле-Незаполненное поле]",""
"failed","Mon Sep 26 18:35:53 MSK 2022","Mon Sep 26 18:36:00 MSK 2022","7777","","test_page","","","","test_register[chromium-Галочка поставленна в поле рассылки-Ничего не поставлено-Ничего не введено-Введено ""maks@""-Выбран пункт меню-Незаполненное поле-Незаполненное поле]",""
"failed","Mon Sep 26 18:48:21 MSK 2022","Mon Sep 26 18:48:29 MSK 2022","7754","","test_page","","","","test_register[chromium-Ничего не поставлено-Ничего не поставлено-Введен телефон правильного формата-Введено ""maks@""-Выбран пункт меню-Правильное имя компании ""ООО ""Макс""""-Правильное имя ""Макс""]",""
"failed","Mon Sep 26 18:20:46 MSK 2022","Mon Sep 26 18:20:54 MSK 2022","7871","","test_page","","","","test_register[chromium-Галочка поставленна в поле рассылки-Галочка поставленна в поле соглашения-Введен телефон правильного формата-Ничего не введено-Выбран пункт меню-Незаполненное поле-Правильное имя ""Макс""]",""
"failed","Mon Sep 26 18:23:58 MSK 2022","Mon Sep 26 18:24:06 MSK 2022","7863","","test_page","","","","test_register[chromium-Галочка поставленна в поле рассылки-Галочка поставленна в поле соглашения-Введен набор цифр ""123""-Ничего не введено-Выбран пункт меню-Незаполненное поле-Правильное имя ""Макс""]",""
"failed","Mon Sep 26 18:30:36 MSK 2022","Mon Sep 26 18:30:44 MSK 2022","7748","","test_page","","","","test_register[chromium-Галочка поставленна в поле рассылки-Ничего не поставлено-Введен телефон правильного формата-Ничего не введено-Не выбран ни один пункт меню-Правильное имя компании ""ООО ""Макс""""-Правильное имя ""Макс""]",""
"failed","Mon Sep 26 18:36:01 MSK 2022","Mon Sep 26 18:36:08 MSK 2022","7740","","test_page","","","","test_register[chromium-Галочка поставленна в поле рассылки-Ничего не поставлено-Ничего не введено-Введено ""maks@""-Не выбран ни один пункт меню-Правильное имя компании ""ООО ""Макс""""-Правильное имя ""Макс""]",""
"failed","Mon Sep 26 18:33:27 MSK 2022","Mon Sep 26 18:33:35 MSK 2022","7932","","test_page","","","","test_register[chromium-Галочка поставленна в поле рассылки-Ничего не поставлено-Введен набор цифр ""123""-Ничего не введено-Выбран пункт меню-Правильное имя компании ""ООО ""Макс""""-Незаполненное поле]",""
"failed","Mon Sep 26 18:53:41 MSK 2022","Mon Sep 26 18:53:49 MSK 2022","7751","","test_page","","","","test_register[chromium-Ничего не поставлено-Ничего не поставлено-Ничего не введено-Правильно введенный email-Выбран пункт меню-Правильное имя компании ""ООО ""Макс""""-Правильное имя ""Макс""]",""
"failed","Mon Sep 26 18:27:51 MSK 2022","Mon Sep 26 18:27:59 MSK 2022","7802","","test_page","","","","test_register[chromium-Галочка поставленна в поле рассылки-Галочка поставленна в поле соглашения-Ничего не введено-Ничего не введено-Не выбран ни один пункт меню-Незаполненное поле-Незаполненное поле]",""
"failed","Mon Sep 26 18:27:27 MSK 2022","Mon Sep 26 18:27:35 MSK 2022","7754","","test_page","","","","test_register[chromium-Галочка поставленна в поле рассылки-Галочка поставленна в поле соглашения-Ничего не введено-Ничего не введено-Не выбран ни один пункт меню-Правильное имя компании ""ООО ""Макс""""-Правильное имя ""Макс""]",""
"failed","Mon Sep 26 18:47:25 MSK 2022","Mon Sep 26 18:47:32 MSK 2022","7807","","test_page","","","","test_register[chromium-Ничего не поставлено-Ничего не поставлено-Введен телефон правильного формата-Правильно введенный email-Выбран пункт меню-Правильное имя компании ""ООО ""Макс""""-Незаполненное поле]",""
"failed","Mon Sep 26 18:25:43 MSK 2022","Mon Sep 26 18:25:50 MSK 2022","7679","","test_page","","","","test_register[chromium-Галочка поставленна в поле рассылки-Галочка поставленна в поле соглашения-Ничего не введено-Правильно введенный email-Не выбран ни один пункт меню-Незаполненное поле-Незаполненное поле]",""
"failed","Mon Sep 26 18:29:40 MSK 2022","Mon Sep 26 18:29:48 MSK 2022","7759","","test_page","","","","test_register[chromium-Галочка поставленна в поле рассылки-Ничего не поставлено-Введен телефон правильного формата-Введено ""maks@""-Не выбран ни один пункт меню-Правильное имя компании ""ООО ""Макс""""-Незаполненное поле]",""
"failed","Mon Sep 26 18:19:42 MSK 2022","Mon Sep 26 18:19:50 MSK 2022","7865","","test_page","","","","test_register[chromium-Галочка поставленна в поле рассылки-Галочка поставленна в поле соглашения-Введен телефон правильного формата-Введено ""maks@""-Выбран пункт меню-Незаполненное поле-Правильное имя ""Макс""]",""
"failed","Mon Sep 26 18:37:13 MSK 2022","Mon Sep 26 18:37:21 MSK 2022","7633","","test_page","","","","test_register[chromium-Галочка поставленна в поле рассылки-Ничего не поставлено-Ничего не введено-Ничего не введено-Не выбран ни один пункт меню-Правильное имя компании ""ООО ""Макс""""-Незаполненное поле]",""
"failed","Mon Sep 26 18:25:27 MSK 2022","Mon Sep 26 18:25:34 MSK 2022","7687","","test_page","","","","test_register[chromium-Галочка поставленна в поле рассылки-Галочка поставленна в поле соглашения-Ничего не введено-Правильно введенный email-Не выбран ни один пункт меню-Правильное имя компании ""ООО ""Макс""""-Незаполненное поле]",""
"failed","Mon Sep 26 18:51:50 MSK 2022","Mon Sep 26 18:51:57 MSK 2022","7761","","test_page","","","","test_register[chromium-Ничего не поставлено-Ничего не поставлено-Введен набор цифр ""123""-Введено ""maks@""-Выбран пункт меню-Незаполненное поле-Правильное имя ""Макс""]",""
"failed","Mon Sep 26 18:30:04 MSK 2022","Mon Sep 26 18:30:12 MSK 2022","7793","","test_page","","","","test_register[chromium-Галочка поставленна в поле рассылки-Ничего не поставлено-Введен телефон правильного формата-Ничего не введено-Выбран пункт меню-Правильное имя компании ""ООО ""Макс""""-Правильное имя ""Макс""]",""
"failed","Mon Sep 26 18:51:33 MSK 2022","Mon Sep 26 18:51:41 MSK 2022","8068","","test_page","","","","test_register[chromium-Ничего не поставлено-Ничего не поставлено-Введен набор цифр ""123""-Введено ""maks@""-Выбран пункт меню-Правильное имя компании ""ООО ""Макс""""-Правильное имя ""Макс""]",""
"failed","Mon Sep 26 18:31:49 MSK 2022","Mon Sep 26 18:31:57 MSK 2022","7721","","test_page","","","","test_register[chromium-Галочка поставленна в поле рассылки-Ничего не поставлено-Введен набор цифр ""123""-Правильно введенный email-Не выбран ни один пункт меню-Правильное имя компании ""ООО ""Макс""""-Незаполненное поле]",""
"failed","Mon Sep 26 18:39:31 MSK 2022","Mon Sep 26 18:39:38 MSK 2022","7802","","test_page","","","","test_register[chromium-Ничего не поставлено-Галочка поставленна в поле соглашения-Введен телефон правильного формата-Введено ""maks@""-Не выбран ни один пункт меню-Незаполненное поле-Правильное имя ""Макс""]",""
"failed","Mon Sep 26 18:51:25 MSK 2022","Mon Sep 26 18:51:33 MSK 2022","7898","","test_page","","","","test_register[chromium-Ничего не поставлено-Ничего не поставлено-Введен набор цифр ""123""-Правильно введенный email-Не выбран ни один пункт меню-Незаполненное поле-Незаполненное поле]",""
"failed","Mon Sep 26 18:55:41 MSK 2022","Mon Sep 26 18:55:49 MSK 2022","7621","","test_page","","","","test_register[chromium-Ничего не поставлено-Ничего не поставлено-Ничего не введено-Введено ""maks@""-Не выбран ни один пункт меню-Незаполненное поле-Незаполненное поле]",""
"failed","Mon Sep 26 18:38:34 MSK 2022","Mon Sep 26 18:38:41 MSK 2022","7795","","test_page","","","","test_register[chromium-Ничего не поставлено-Галочка поставленна в поле соглашения-Введен телефон правильного формата-Правильно введенный email-Не выбран ни один пункт меню-Незаполненное поле-Незаполненное поле]",""
"failed","Mon Sep 26 18:40:35 MSK 2022","Mon Sep 26 18:40:42 MSK 2022","7759","","test_page","","","","test_register[chromium-Ничего не поставлено-Галочка поставленна в поле соглашения-Введен телефон правильного формата-Ничего не введено-Не выбран ни один пункт меню-Незаполненное поле-Правильное имя ""Макс""]",""
"failed","Mon Sep 26 18:28:36 MSK 2022","Mon Sep 26 18:28:44 MSK 2022","7692","","test_page","","","","test_register[chromium-Галочка поставленна в поле рассылки-Ничего не поставлено-Введен телефон правильного формата-Правильно введенный email-Не выбран ни один пункт меню-Правильное имя компании ""ООО ""Макс""""-Незаполненное поле]",""
"failed","Mon Sep 26 18:37:05 MSK 2022","Mon Sep 26 18:37:13 MSK 2022","8059","","test_page","","","","test_register[chromium-Галочка поставленна в поле рассылки-Ничего не поставлено-Ничего не введено-Ничего не введено-Не выбран ни один пункт меню-Правильное имя компании ""ООО ""Макс""""-Правильное имя ""Макс""]",""
"failed","Mon Sep 26 18:31:00 MSK 2022","Mon Sep 26 18:31:08 MSK 2022","7634","","test_page","","","","test_register[chromium-Галочка поставленна в поле рассылки-Ничего не поставлено-Введен телефон правильного формата-Ничего не введено-Не выбран ни один пункт меню-Незаполненное поле-Незаполненное поле]",""
"failed","Mon Sep 26 18:33:43 MSK 2022","Mon Sep 26 18:33:51 MSK 2022","7686","","test_page","","","","test_register[chromium-Галочка поставленна в поле рассылки-Ничего не поставлено-Введен набор цифр ""123""-Ничего не введено-Выбран пункт меню-Незаполненное поле-Незаполненное поле]",""
"failed","Mon Sep 26 18:19:50 MSK 2022","Mon Sep 26 18:19:58 MSK 2022","7804","","test_page","","","","test_register[chromium-Галочка поставленна в поле рассылки-Галочка поставленна в поле соглашения-Введен телефон правильного формата-Введено ""maks@""-Выбран пункт меню-Незаполненное поле-Незаполненное поле]",""
"failed","Mon Sep 26 18:19:34 MSK 2022","Mon Sep 26 18:19:42 MSK 2022","7796","","test_page","","","","test_register[chromium-Галочка поставленна в поле рассылки-Галочка поставленна в поле соглашения-Введен телефон правильного формата-Введено ""maks@""-Выбран пункт меню-Правильное имя компании ""ООО ""Макс""""-Незаполненное поле]",""
"failed","Mon Sep 26 18:37:21 MSK 2022","Mon Sep 26 18:37:29 MSK 2022","7898","","test_page","","","","test_register[chromium-Галочка поставленна в поле рассылки-Ничего не поставлено-Ничего не введено-Ничего не введено-Не выбран ни один пункт меню-Незаполненное поле-Правильное имя ""Макс""]",""
"failed","Mon Sep 26 18:32:38 MSK 2022","Mon Sep 26 18:32:46 MSK 2022","7800","","test_page","","","","test_register[chromium-Галочка поставленна в поле рассылки-Ничего не поставлено-Введен набор цифр ""123""-Введено ""maks@""-Выбран пункт меню-Незаполненное поле-Незаполненное поле]",""
"failed","Mon Sep 26 18:32:13 MSK 2022","Mon Sep 26 18:32:22 MSK 2022","8270","","test_page","","","","test_register[chromium-Галочка поставленна в поле рассылки-Ничего не поставлено-Введен набор цифр ""123""-Введено ""maks@""-Выбран пункт меню-Правильное имя компании ""ООО ""Макс""""-Правильное имя ""Макс""]",""
"failed","Mon Sep 26 18:49:09 MSK 2022","Mon Sep 26 18:49:17 MSK 2022","7641","","test_page","","","","test_register[chromium-Ничего не поставлено-Ничего не поставлено-Введен телефон правильного формата-Введено ""maks@""-Не выбран ни один пункт меню-Незаполненное поле-Правильное имя ""Макс""]",""
"failed","Mon Sep 26 18:38:10 MSK 2022","Mon Sep 26 18:38:17 MSK 2022","7840","","test_page","","","","test_register[chromium-Ничего не поставлено-Галочка поставленна в поле соглашения-Введен телефон правильного формата-Правильно введенный email-Не выбран ни один пункт меню-Правильное имя компании ""ООО ""Макс""""-Правильное имя ""Макс""]",""
"failed","Mon Sep 26 18:41:55 MSK 2022","Mon Sep 26 18:42:03 MSK 2022","8169","","test_page","","","","test_register[chromium-Ничего не поставлено-Галочка поставленна в поле соглашения-Введен набор цифр ""123""-Введено ""maks@""-Выбран пункт меню-Правильное имя компании ""ООО ""Макс""""-Правильное имя ""Макс""]",""
"failed","Mon Sep 26 18:39:06 MSK 2022","Mon Sep 26 18:39:14 MSK 2022","7766","","test_page","","","","test_register[chromium-Ничего не поставлено-Галочка поставленна в поле соглашения-Введен телефон правильного формата-Введено ""maks@""-Выбран пункт меню-Незаполненное поле-Незаполненное поле]",""
"failed","Mon Sep 26 18:53:57 MSK 2022","Mon Sep 26 18:54:05 MSK 2022","7685","","test_page","","","","test_register[chromium-Ничего не поставлено-Ничего не поставлено-Ничего не введено-Правильно введенный email-Выбран пункт меню-Незаполненное поле-Правильное имя ""Макс""]",""
"failed","Mon Sep 26 18:35:28 MSK 2022","Mon Sep 26 18:35:36 MSK 2022","7760","","test_page","","","","test_register[chromium-Галочка поставленна в поле рассылки-Ничего не поставлено-Ничего не введено-Введено ""maks@""-Выбран пункт меню-Правильное имя компании ""ООО ""Макс""""-Правильное имя ""Макс""]",""
"failed","Mon Sep 26 18:56:05 MSK 2022","Mon Sep 26 18:56:13 MSK 2022","7660","","test_page","","","","test_register[chromium-Ничего не поставлено-Ничего не поставлено-Ничего не введено-Ничего не введено-Выбран пункт меню-Незаполненное поле-Правильное имя ""Макс""]",""
"failed","Mon Sep 26 18:31:41 MSK 2022","Mon Sep 26 18:31:49 MSK 2022","8000","","test_page","","","","test_register[chromium-Галочка поставленна в поле рассылки-Ничего не поставлено-Введен набор цифр ""123""-Правильно введенный email-Не выбран ни один пункт меню-Правильное имя компании ""ООО ""Макс""""-Правильное имя ""Макс""]",""
"failed","Mon Sep 26 18:46:13 MSK 2022","Mon Sep 26 18:46:21 MSK 2022","7728","","test_page","","","","test_register[chromium-Ничего не поставлено-Галочка поставленна в поле соглашения-Ничего не введено-Ничего не введено-Выбран пункт меню-Правильное имя компании ""ООО ""Макс""""-Правильное имя ""Макс""]",""
"failed","Mon Sep 26 18:47:57 MSK 2022","Mon Sep 26 18:48:05 MSK 2022","7999","","test_page","","","","test_register[chromium-Ничего не поставлено-Ничего не поставлено-Введен телефон правильного формата-Правильно введенный email-Не выбран ни один пункт меню-Правильное имя компании ""ООО ""Макс""""-Незаполненное поле]",""
"failed","Mon Sep 26 18:37:29 MSK 2022","Mon Sep 26 18:37:37 MSK 2022","7644","","test_page","","","","test_register[chromium-Галочка поставленна в поле рассылки-Ничего не поставлено-Ничего не введено-Ничего не введено-Не выбран ни один пункт меню-Незаполненное поле-Незаполненное поле]",""
"failed","Mon Sep 26 18:56:45 MSK 2022","Mon Sep 26 18:56:53 MSK 2022","7673","","test_page","","","","test_register[chromium-Ничего не поставлено-Ничего не поставлено-Ничего не введено-Ничего не введено-Не выбран ни один пункт меню-Незаполненное поле-Незаполненное поле]",""
"failed","Mon Sep 26 18:38:42 MSK 2022","Mon Sep 26 18:38:50 MSK 2022","7872","","test_page","","","","test_register[chromium-Ничего не поставлено-Галочка поставленна в поле соглашения-Введен телефон правильного формата-Введено ""maks@""-Выбран пункт меню-Правильное имя компании ""ООО ""Макс""""-Правильное имя ""Макс""]",""
"failed","Mon Sep 26 18:19:02 MSK 2022","Mon Sep 26 18:19:09 MSK 2022","7770","","test_page","","","","test_register[chromium-Галочка поставленна в поле рассылки-Галочка поставленна в поле соглашения-Введен телефон правильного формата-Правильно введенный email-Не выбран ни один пункт меню-Правильное имя компании ""ООО ""Макс""""-Незаполненное поле]",""
"failed","Mon Sep 26 18:22:36 MSK 2022","Mon Sep 26 18:22:44 MSK 2022","7903","","test_page","","","","test_register[chromium-Галочка поставленна в поле рассылки-Галочка поставленна в поле соглашения-Введен набор цифр ""123""-Введено ""maks@""-Выбран пункт меню-Правильное имя компании ""ООО ""Макс""""-Правильное имя ""Макс""]",""
"failed","Mon Sep 26 18:18:45 MSK 2022","Mon Sep 26 18:18:53 MSK 2022","7718","","test_page","","","","test_register[chromium-Галочка поставленна в поле рассылки-Галочка поставленна в поле соглашения-Введен телефон правильного формата-Правильно введенный email-Выбран пункт меню-Незаполненное поле-Незаполненное поле]",""
"failed","Mon Sep 26 18:38:18 MSK 2022","Mon Sep 26 18:38:25 MSK 2022","7774","","test_page","","","","test_register[chromium-Ничего не поставлено-Галочка поставленна в поле соглашения-Введен телефон правильного формата-Правильно введенный email-Не выбран ни один пункт меню-Правильное имя компании ""ООО ""Макс""""-Незаполненное поле]",""
"failed","Mon Sep 26 18:34:55 MSK 2022","Mon Sep 26 18:35:03 MSK 2022","7768","","test_page","","","","test_register[chromium-Галочка поставленна в поле рассылки-Ничего не поставлено-Ничего не введено-Правильно введенный email-Не выбран ни один пункт меню-Правильное имя компании ""ООО ""Макс""""-Правильное имя ""Макс""]",""
"failed","Mon Sep 26 18:36:41 MSK 2022","Mon Sep 26 18:36:48 MSK 2022","7679","","test_page","","","","test_register[chromium-Галочка поставленна в поле рассылки-Ничего не поставлено-Ничего не введено-Ничего не введено-Выбран пункт меню-Правильное имя компании ""ООО ""Макс""""-Незаполненное поле]",""
"failed","Mon Sep 26 18:41:39 MSK 2022","Mon Sep 26 18:41:47 MSK 2022","7732","","test_page","","","","test_register[chromium-Ничего не поставлено-Галочка поставленна в поле соглашения-Введен набор цифр ""123""-Правильно введенный email-Не выбран ни один пункт меню-Незаполненное поле-Правильное имя ""Макс""]",""
"failed","Mon Sep 26 18:20:38 MSK 2022","Mon Sep 26 18:20:46 MSK 2022","7742","","test_page","","","","test_register[chromium-Галочка поставленна в поле рассылки-Галочка поставленна в поле соглашения-Введен телефон правильного формата-Ничего не введено-Выбран пункт меню-Правильное имя компании ""ООО ""Макс""""-Незаполненное поле]",""
"failed","Mon Sep 26 18:42:52 MSK 2022","Mon Sep 26 18:43:00 MSK 2022","8002","","test_page","","","","test_register[chromium-Ничего не поставлено-Галочка поставленна в поле соглашения-Введен набор цифр ""123""-Введено ""maks@""-Не выбран ни один пункт меню-Незаполненное поле-Незаполненное поле]",""
"failed","Mon Sep 26 18:31:25 MSK 2022","Mon Sep 26 18:31:33 MSK 2022","7994","","test_page","","","","test_register[chromium-Галочка поставленна в поле рассылки-Ничего не поставлено-Введен набор цифр ""123""-Правильно введенный email-Выбран пункт меню-Незаполненное поле-Правильное имя ""Макс""]",""
"failed","Mon Sep 26 18:23:09 MSK 2022","Mon Sep 26 18:23:17 MSK 2022","7848","","test_page","","","","test_register[chromium-Галочка поставленна в поле рассылки-Галочка поставленна в поле соглашения-Введен набор цифр ""123""-Введено ""maks@""-Не выбран ни один пункт меню-Правильное имя компании ""ООО ""Макс""""-Правильное имя ""Макс""]",""
"failed","Mon Sep 26 18:20:30 MSK 2022","Mon Sep 26 18:20:38 MSK 2022","7786","","test_page","","","","test_register[chromium-Галочка поставленна в поле рассылки-Галочка поставленна в поле соглашения-Введен телефон правильного формата-Ничего не введено-Выбран пункт меню-Правильное имя компании ""ООО ""Макс""""-Правильное имя ""Макс""]",""
"failed","Mon Sep 26 18:49:01 MSK 2022","Mon Sep 26 18:49:09 MSK 2022","7660","","test_page","","","","test_register[chromium-Ничего не поставлено-Ничего не поставлено-Введен телефон правильного формата-Введено ""maks@""-Не выбран ни один пункт меню-Правильное имя компании ""ООО ""Макс""""-Незаполненное поле]",""
"failed","Mon Sep 26 18:47:17 MSK 2022","Mon Sep 26 18:47:24 MSK 2022","7768","","test_page","","","","test_register[chromium-Ничего не поставлено-Ничего не поставлено-Введен телефон правильного формата-Правильно введенный email-Выбран пункт меню-Правильное имя компании ""ООО ""Макс""""-Правильное имя ""Макс""]",""
"failed","Mon Sep 26 18:18:29 MSK 2022","Mon Sep 26 18:18:37 MSK 2022","7883","","test_page","","","","test_register[chromium-Галочка поставленна в поле рассылки-Галочка поставленна в поле соглашения-Введен телефон правильного формата-Правильно введенный email-Выбран пункт меню-Правильное имя компании ""ООО ""Макс""""-Незаполненное поле]",""
"failed","Mon Sep 26 18:30:20 MSK 2022","Mon Sep 26 18:30:28 MSK 2022","7752","","test_page","","","","test_register[chromium-Галочка поставленна в поле рассылки-Ничего не поставлено-Введен телефон правильного формата-Ничего не введено-Выбран пункт меню-Незаполненное поле-Правильное имя ""Макс""]",""
"failed","Mon Sep 26 18:21:40 MSK 2022","Mon Sep 26 18:21:47 MSK 2022","7808","","test_page","","","","test_register[chromium-Галочка поставленна в поле рассылки-Галочка поставленна в поле соглашения-Введен набор цифр ""123""-Правильно введенный email-Выбран пункт меню-Правильное имя компании ""ООО ""Макс""""-Незаполненное поле]",""
"failed","Mon Sep 26 18:23:42 MSK 2022","Mon Sep 26 18:23:50 MSK 2022","7873","","test_page","","","","test_register[chromium-Галочка поставленна в поле рассылки-Галочка поставленна в поле соглашения-Введен набор цифр ""123""-Ничего не введено-Выбран пункт меню-Правильное имя компании ""ООО ""Макс""""-Правильное имя ""Макс""]",""
"failed","Mon Sep 26 18:27:03 MSK 2022","Mon Sep 26 18:27:11 MSK 2022","7769","","test_page","","","","test_register[chromium-Галочка поставленна в поле рассылки-Галочка поставленна в поле соглашения-Ничего не введено-Ничего не введено-Выбран пункт меню-Правильное имя компании ""ООО ""Макс""""-Незаполненное поле]",""
"failed","Mon Sep 26 18:48:13 MSK 2022","Mon Sep 26 18:48:21 MSK 2022","7623","","test_page","","","","test_register[chromium-Ничего не поставлено-Ничего не поставлено-Введен телефон правильного формата-Правильно введенный email-Не выбран ни один пункт меню-Незаполненное поле-Незаполненное поле]",""
"failed","Mon Sep 26 18:41:07 MSK 2022","Mon Sep 26 18:41:15 MSK 2022","7806","","test_page","","","","test_register[chromium-Ничего не поставлено-Галочка поставленна в поле соглашения-Введен набор цифр ""123""-Правильно введенный email-Выбран пункт меню-Незаполненное поле-Правильное имя ""Макс""]",""
"failed","Mon Sep 26 18:44:45 MSK 2022","Mon Sep 26 18:44:52 MSK 2022","7685","","test_page","","","","test_register[chromium-Ничего не поставлено-Галочка поставленна в поле соглашения-Ничего не введено-Правильно введенный email-Не выбран ни один пункт меню-Правильное имя компании ""ООО ""Макс""""-Незаполненное поле]",""
"failed","Mon Sep 26 18:44:05 MSK 2022","Mon Sep 26 18:44:12 MSK 2022","7768","","test_page","","","","test_register[chromium-Ничего не поставлено-Галочка поставленна в поле соглашения-Ничего не введено-Правильно введенный email-Выбран пункт меню-Правильное имя компании ""ООО ""Макс""""-Правильное имя ""Макс""]",""
"failed","Mon Sep 26 18:33:19 MSK 2022","Mon Sep 26 18:33:26 MSK 2022","7815","","test_page","","","","test_register[chromium-Галочка поставленна в поле рассылки-Ничего не поставлено-Введен набор цифр ""123""-Ничего не введено-Выбран пункт меню-Правильное имя компании ""ООО ""Макс""""-Правильное имя ""Макс""]",""
"failed","Mon Sep 26 18:52:22 MSK 2022","Mon Sep 26 18:52:30 MSK 2022","7697","","test_page","","","","test_register[chromium-Ничего не поставлено-Ничего не поставлено-Введен набор цифр ""123""-Введено ""maks@""-Не выбран ни один пункт меню-Незаполненное поле-Правильное имя ""Макс""]",""
"failed","Mon Sep 26 18:54:13 MSK 2022","Mon Sep 26 18:54:21 MSK 2022","7787","","test_page","","","","test_register[chromium-Ничего не поставлено-Ничего не поставлено-Ничего не введено-Правильно введенный email-Не выбран ни один пункт меню-Правильное имя компании ""ООО ""Макс""""-Правильное имя ""Макс""]",""
"failed","Mon Sep 26 18:19:26 MSK 2022","Mon Sep 26 18:19:34 MSK 2022","7900","","test_page","","","","test_register[chromium-Галочка поставленна в поле рассылки-Галочка поставленна в поле соглашения-Введен телефон правильного формата-Введено ""maks@""-Выбран пункт меню-Правильное имя компании ""ООО ""Макс""""-Правильное имя ""Макс""]",""
"failed","Mon Sep 26 18:55:01 MSK 2022","Mon Sep 26 18:55:09 MSK 2022","7662","","test_page","","","","test_register[chromium-Ничего не поставлено-Ничего не поставлено-Ничего не введено-Введено ""maks@""-Выбран пункт меню-Незаполненное поле-Правильное имя ""Макс""]",""
"failed","Mon Sep 26 18:30:52 MSK 2022","Mon Sep 26 18:31:00 MSK 2022","7690","","test_page","","","","test_register[chromium-Галочка поставленна в поле рассылки-Ничего не поставлено-Введен телефон правильного формата-Ничего не введено-Не выбран ни один пункт меню-Незаполненное поле-Правильное имя ""Макс""]",""
"failed","Mon Sep 26 18:24:38 MSK 2022","Mon Sep 26 18:24:46 MSK 2022","7767","","test_page","","","","test_register[chromium-Галочка поставленна в поле рассылки-Галочка поставленна в поле соглашения-Введен набор цифр ""123""-Ничего не введено-Не выбран ни один пункт меню-Незаполненное поле-Незаполненное поле]",""
"failed","Mon Sep 26 18:35:11 MSK 2022","Mon Sep 26 18:35:20 MSK 2022","8788","","test_page","","","","test_register[chromium-Галочка поставленна в поле рассылки-Ничего не поставлено-Ничего не введено-Правильно введенный email-Не выбран ни один пункт меню-Незаполненное поле-Правильное имя ""Макс""]",""
"failed","Mon Sep 26 18:25:51 MSK 2022","Mon Sep 26 18:25:58 MSK 2022","7815","","test_page","","","","test_register[chromium-Галочка поставленна в поле рассылки-Галочка поставленна в поле соглашения-Ничего не введено-Введено ""maks@""-Выбран пункт меню-Правильное имя компании ""ООО ""Макс""""-Правильное имя ""Макс""]",""
"failed","Mon Sep 26 18:30:28 MSK 2022","Mon Sep 26 18:30:36 MSK 2022","7707","","test_page","","","","test_register[chromium-Галочка поставленна в поле рассылки-Ничего не поставлено-Введен телефон правильного формата-Ничего не введено-Выбран пункт меню-Незаполненное поле-Незаполненное поле]",""
"failed","Mon Sep 26 18:31:16 MSK 2022","Mon Sep 26 18:31:24 MSK 2022","7985","","test_page","","","","test_register[chromium-Галочка поставленна в поле рассылки-Ничего не поставлено-Введен набор цифр ""123""-Правильно введенный email-Выбран пункт меню-Правильное имя компании ""ООО ""Макс""""-Незаполненное поле]",""
"failed","Mon Sep 26 18:45:17 MSK 2022","Mon Sep 26 18:45:24 MSK 2022","7833","","test_page","","","","test_register[chromium-Ничего не поставлено-Галочка поставленна в поле соглашения-Ничего не введено-Введено ""maks@""-Выбран пункт меню-Правильное имя компании ""ООО ""Макс""""-Незаполненное поле]",""
"failed","Mon Sep 26 18:49:25 MSK 2022","Mon Sep 26 18:49:33 MSK 2022","7755","","test_page","","","","test_register[chromium-Ничего не поставлено-Ничего не поставлено-Введен телефон правильного формата-Ничего не введено-Выбран пункт меню-Правильное имя компании ""ООО ""Макс""""-Правильное имя ""Макс""]",""
"failed","Mon Sep 26 18:49:33 MSK 2022","Mon Sep 26 18:49:41 MSK 2022","7711","","test_page","","","","test_register[chromium-Ничего не поставлено-Ничего не поставлено-Введен телефон правильного формата-Ничего не введено-Выбран пункт меню-Правильное имя компании ""ООО ""Макс""""-Незаполненное поле]",""
"failed","Mon Sep 26 18:43:32 MSK 2022","Mon Sep 26 18:43:40 MSK 2022","7742","","test_page","","","","test_register[chromium-Ничего не поставлено-Галочка поставленна в поле соглашения-Введен набор цифр ""123""-Ничего не введено-Не выбран ни один пункт меню-Правильное имя компании ""ООО ""Макс""""-Правильное имя ""Макс""]",""
"failed","Mon Sep 26 18:34:31 MSK 2022","Mon Sep 26 18:34:39 MSK 2022","7752","","test_page","","","","test_register[chromium-Галочка поставленна в поле рассылки-Ничего не поставлено-Ничего не введено-Правильно введенный email-Выбран пункт меню-Правильное имя компании ""ООО ""Макс""""-Незаполненное поле]",""
"failed","Mon Sep 26 18:43:24 MSK 2022","Mon Sep 26 18:43:32 MSK 2022","7727","","test_page","","","","test_register[chromium-Ничего не поставлено-Галочка поставленна в поле соглашения-Введен набор цифр ""123""-Ничего не введено-Выбран пункт меню-Незаполненное поле-Незаполненное поле]",""
"failed","Mon Sep 26 18:39:23 MSK 2022","Mon Sep 26 18:39:30 MSK 2022","7819","","test_page","","","","test_register[chromium-Ничего не поставлено-Галочка поставленна в поле соглашения-Введен телефон правильного формата-Введено ""maks@""-Не выбран ни один пункт меню-Правильное имя компании ""ООО ""Макс""""-Незаполненное поле]",""
"failed","Mon Sep 26 18:40:03 MSK 2022","Mon Sep 26 18:40:10 MSK 2022","7712","","test_page","","","","test_register[chromium-Ничего не поставлено-Галочка поставленна в поле соглашения-Введен телефон правильного формата-Ничего не введено-Выбран пункт меню-Незаполненное поле-Правильное имя ""Макс""]",""
"failed","Mon Sep 26 18:53:02 MSK 2022","Mon Sep 26 18:53:09 MSK 2022","7626","","test_page","","","","test_register[chromium-Ничего не поставлено-Ничего не поставлено-Введен набор цифр ""123""-Ничего не введено-Выбран пункт меню-Незаполненное поле-Незаполненное поле]",""
"failed","Mon Sep 26 18:40:51 MSK 2022","Mon Sep 26 18:40:58 MSK 2022","7874","","test_page","","","","test_register[chromium-Ничего не поставлено-Галочка поставленна в поле соглашения-Введен набор цифр ""123""-Правильно введенный email-Выбран пункт меню-Правильное имя компании ""ООО ""Макс""""-Правильное имя ""Макс""]",""
"failed","Mon Sep 26 18:30:44 MSK 2022","Mon Sep 26 18:30:52 MSK 2022","7712","","test_page","","","","test_register[chromium-Галочка поставленна в поле рассылки-Ничего не поставлено-Введен телефон правильного формата-Ничего не введено-Не выбран ни один пункт меню-Правильное имя компании ""ООО ""Макс""""-Незаполненное поле]",""
"failed","Mon Sep 26 18:53:25 MSK 2022","Mon Sep 26 18:53:33 MSK 2022","7634","","test_page","","","","test_register[chromium-Ничего не поставлено-Ничего не поставлено-Введен набор цифр ""123""-Ничего не введено-Не выбран ни один пункт меню-Незаполненное поле-Правильное имя ""Макс""]",""
"failed","Mon Sep 26 18:29:00 MSK 2022","Mon Sep 26 18:29:08 MSK 2022","7837","","test_page","","","","test_register[chromium-Галочка поставленна в поле рассылки-Ничего не поставлено-Введен телефон правильного формата-Введено ""maks@""-Выбран пункт меню-Правильное имя компании ""ООО ""Макс""""-Правильное имя ""Макс""]",""
"failed","Mon Sep 26 18:23:34 MSK 2022","Mon Sep 26 18:23:41 MSK 2022","7765","","test_page","","","","test_register[chromium-Галочка поставленна в поле рассылки-Галочка поставленна в поле соглашения-Введен набор цифр ""123""-Введено ""maks@""-Не выбран ни один пункт меню-Незаполненное поле-Незаполненное поле]",""
